date,time,temp_c,dewpoint_c,rh_pct,wind_dir_txt,wind_kmh,gust_kmh,press_hpa,rain_acc_mm,rain_rate_mmph,uv,solar_wm2,key,value
2021-02-13,00:00,10.2,8.9,93,SE,12.9,17.7,1014.39,0,0,0,0,,
2021-02-13,00:15,10.4,8.9,92,ESE,9.7,16.1,1014.26,0,0,0,0,,
2021-02-13,00:30,10.6,8.9,90,ESE,17.7,17.7,1014.16,0,0,0,0,,
2021-02-13,00:45,10.6,8.9,90,SE,8,20.9,1013.65,0,0,0,0,,
2021-02-13,01:00,10.6,8.9,90,ESE,11.3,20.9,1013.61,0.25,0.25,0,0,,
2021-02-13,01:15,10.4,8.9,91,SE,16.1,25.7,1012.97,0.51,0.51,0,0,,
2021-02-13,01:30,10.3,8.9,92,ESE,14.5,24.1,1012.6,1.02,1.02,0,0,,
2021-02-13,01:45,10.3,8.9,92,ESE,6.4,20.9,1012.8,1.27,1.27,0,0,,
2021-02-13,02:00,10.2,8.9,92,E,17.7,22.5,1012.36,1.52,1.27,0,0,,
2021-02-13,02:15,10.3,8.9,93,SSE,6.4,14.5,1012.46,2.03,1.52,0,0,,
2021-02-13,02:30,10.3,8.9,94,ESE,12.9,19.3,1012.26,2.03,1.02,0,0,,
2021-02-13,02:45,10.4,9.4,94,ESE,12.9,14.5,1011.79,2.03,0.76,0,0,,
2021-02-13,03:00,10.7,9.4,94,SE,11.3,14.5,1011.82,2.03,0.51,0,0,,
2021-02-13,03:15,10.7,9.4,93,SW,4.8,27.4,1012.09,4.57,2.54,0,0,,
2021-02-13,03:30,11,10,93,WNW,6.4,16.1,1012.02,4.57,2.54,0,0,,
2021-02-13,03:45,10.6,9.4,94,WNW,1.6,14.5,1011.95,4.57,2.54,0,0,,
2021-02-13,04:00,10.8,9.4,94,W,11.3,20.9,1011.85,4.57,2.54,0,0,,
2021-02-13,04:15,10.9,9.4,93,WNW,12.9,24.1,1011.68,4.57,0,0,0,,
2021-02-13,04:30,10.8,9.4,93,W,9.7,17.7,1011.65,4.57,0,0,0,,
2021-02-13,04:45,10.8,9.4,93,W,14.5,19.3,1011.68,4.57,0,0,0,,
2021-02-13,05:00,10.7,9.4,94,WNW,12.9,19.3,1011.65,4.57,0,0,0,,
2021-02-13,05:15,10.6,9.4,94,WNW,9.7,20.9,1011.41,4.57,0,0,0,,
2021-02-13,05:30,10.5,9.4,94,W,3.2,25.7,1011.48,4.57,0,0,0,,
2021-02-13,05:45,10.5,9.4,95,W,14.5,19.3,1011.14,6.1,1.52,0,0,,
2021-02-13,06:00,10.6,9.4,95,W,6.4,17.7,1011.28,6.1,1.52,0,0,,
2021-02-13,06:15,10.3,9.4,95,WNW,6.4,14.5,1011.11,6.1,1.52,0,0,,
2021-02-13,06:30,10.2,9.4,95,W,14.5,12.9,1011.45,6.1,1.52,0,0,,
2021-02-13,06:45,10.2,9.4,95,WNW,19.3,29,1011.28,6.1,0,0,0,,
2021-02-13,07:00,10.4,9.4,95,WNW,17.7,25.7,1011.45,6.1,0,0,0,,
2021-02-13,07:15,10.6,9.4,95,W,17.7,27.4,1011.48,6.1,0,0,0,,
2021-02-13,07:30,10.6,9.4,95,WNW,11.3,24.1,1011.45,6.1,0,0,12,,
2021-02-13,07:45,10.4,9.4,95,W,9.7,19.3,1011.65,6.1,0,0,9,,
2021-02-13,08:00,10.3,9.4,95,WNW,9.7,14.5,1011.82,6.1,0,0,54,,
2021-02-13,08:15,10.4,9.4,95,WNW,8,14.5,1012.23,6.1,0,0,134,,
2021-02-13,08:30,10.2,9.4,95,W,4.8,14.5,1012.39,6.1,0,0,23,,
2021-02-13,08:45,10.2,9.4,95,WNW,4.8,16.1,1012.9,6.1,0,0,0,,
2021-02-13,09:00,10.1,9.4,95,W,17.7,19.3,1013.04,6.35,0.25,0,33,,
2021-02-13,09:15,10.2,9.4,95,WNW,14.5,16.1,1013.17,6.6,0.51,0,26,,
2021-02-13,09:30,9.9,8.9,95,NNW,4.8,17.7,1013.24,6.6,0.51,0,118,,
2021-02-13,09:45,10.1,8.9,95,NW,9.7,20.9,1013.75,6.86,0.51,1,174,,
2021-02-13,10:00,10.4,9.4,94,WNW,12.9,20.9,1013.82,6.86,0.51,1,434,,
2021-02-13,10:15,10.8,8.9,89,WNW,19.3,25.7,1014.19,6.86,0.25,2,538,,
2021-02-13,10:30,11,8.9,87,NW,19.3,30.6,1014.39,6.86,0.25,2,501,,
2021-02-13,10:45,11.1,7.8,82,NW,17.7,32.2,1015.07,6.86,0,2,392,,
2021-02-13,11:00,11.6,8.3,82,WNW,14.5,30.6,1015.34,6.86,0,2,679,,
2021-02-13,11:15,11.8,8.3,79,W,19.3,30.6,1015.61,6.86,0,2,339,,
2021-02-13,11:30,11.5,7.8,79,W,24.1,40.2,1015.85,6.86,0,1,246,,
2021-02-13,11:45,11.1,7.2,78,WNW,20.9,32.2,1016.29,6.86,0,1,139,,
2021-02-13,12:00,10.8,6.7,78,W,24.1,40.2,1016.46,6.86,0,1,121,,
2021-02-13,12:15,10.4,6.7,78,WNW,25.7,45.1,1016.7,6.86,0,1,172,,
2021-02-13,12:30,10.2,6.7,79,W,33.8,41.8,1016.86,6.86,0,2,279,,
2021-02-13,12:45,10.3,6.7,80,WNW,24.1,40.2,1016.7,6.86,0,2,362,,
2021-02-13,13:00,10.3,7.2,81,NW,17.7,38.6,1016.7,6.86,0,3,399,,
2021-02-13,13:15,10.7,6.7,77,NW,27.4,43.5,1016.86,6.86,0,3,721,,
2021-02-13,13:30,10.6,6.7,77,NW,38.6,43.5,1016.8,6.86,0,3,656,,
2021-02-13,13:45,10.3,6.1,76,NW,33.8,41.8,1017,6.86,0,3,636,,
2021-02-13,14:00,10.2,6.1,77,NNW,19.3,38.6,1017.14,6.86,0,3,601,,
2021-02-13,14:15,10.3,5.6,75,WNW,32.2,40.2,1017.54,6.86,0,2,302,,
2021-02-13,14:30,10,6.1,76,NW,25.7,35.4,1017.51,6.86,0,1,267,,
2021-02-13,14:45,10.1,5.6,75,NW,20.9,32.2,1017.68,6.86,0,2,253,,
2021-02-13,15:00,10,5,73,NNW,17.7,33.8,1017.95,6.86,0,2,482,,
2021-02-13,15:15,10.2,5,72,WNW,22.5,32.2,1017.85,6.86,0,2,450,,
2021-02-13,15:30,10.3,5.6,72,NW,12.9,33.8,1018.19,6.86,0,1,446,,
2021-02-13,15:45,10.4,5,71,NW,14.5,29,1018.49,6.86,0,1,487,,
2021-02-13,16:00,10.7,5,68,NNW,16.1,27.4,1018.52,6.86,0,1,401,,
2021-02-13,16:15,10.2,4.4,70,,12.9,25.7,1018.63,6.86,0,0,60,,
2021-02-13,16:30,9.7,4.4,70,NNW,19.3,30.6,1018.96,6.86,0,0,77,,
2021-02-13,16:45,9.3,3.9,71,NW,14.5,27.4,1019.24,6.86,0,0,33,,
2021-02-13,17:00,9.3,4.4,72,NW,12.9,27.4,1019.2,6.86,0,0,84,,
2021-02-13,17:15,9.2,3.9,72,NW,14.5,24.1,1019.44,6.86,0,0,51,,
2021-02-13,17:30,8.9,3.9,72,WNW,14.5,29,1019.81,6.86,0,0,28,,
2021-02-13,17:45,8.6,3.9,72,NW,8,24.1,1019.81,6.86,0,0,16,,
2021-02-13,18:00,8.3,3.9,74,WNW,11.3,24.1,1020.25,6.86,0,0,0,,
2021-02-13,18:15,8.1,3.3,74,WNW,16.1,19.3,1020.52,6.86,0,0,0,,
2021-02-13,18:30,8.1,3.3,73,NW,6.4,25.7,1020.86,6.86,0,0,0,,
2021-02-13,18:45,7.8,3.3,74,NW,8,17.7,1020.89,6.86,0,0,0,,
2021-02-13,19:00,7.6,3.3,74,NW,20.9,27.4,1021.23,6.86,0,0,0,,
2021-02-13,19:15,7.5,3.3,75,WNW,16.1,20.9,1021.54,6.86,0,0,0,,
2021-02-13,19:30,7.3,3.3,76,NW,16.1,22.5,1021.74,6.86,0,0,0,,
2021-02-13,19:45,7.2,2.8,75,NW,12.9,17.7,1022.05,6.86,0,0,0,,
2021-02-13,20:00,7.3,2.8,73,NW,6.4,19.3,1022.18,6.86,0,0,0,,
2021-02-13,20:15,7.1,2.8,74,NW,17.7,20.9,1022.52,6.86,0,0,0,,
2021-02-13,20:30,6.8,2.2,75,NW,16.1,22.5,1022.59,6.86,0,0,0,,
2021-02-13,20:45,6.7,2.2,75,NNW,12.9,24.1,1022.82,6.86,0,0,0,,
2021-02-13,21:00,6.6,2.2,74,NW,9.7,20.9,1022.59,6.86,0,0,0,,
2021-02-13,21:15,6.6,2.2,75,WNW,11.3,24.1,1023.06,6.86,0,0,0,,
2021-02-13,21:30,6.4,2.2,76,NW,8,22.5,1023.27,6.86,0,0,0,,
2021-02-13,21:45,6.3,2.2,76,NNW,12.9,20.9,1023.33,6.86,0,0,0,,
2021-02-13,22:00,6.2,2.2,77,NW,19.3,22.5,1023.57,6.86,0,0,0,,
2021-02-13,22:15,6.2,2.2,75,WNW,11.3,24.1,1023.57,6.86,0,0,0,,
2021-02-13,22:30,6.2,2.2,76,NW,8,20.9,1023.98,6.86,0,0,0,,
2021-02-13,22:45,5.9,2.2,77,NW,4.8,17.7,1024.08,6.86,0,0,0,,
2021-02-13,23:00,5.9,2.2,77,NW,11.3,19.3,1024.01,6.86,0,0,0,,
2021-02-13,23:15,5.8,1.7,76,NW,17.7,20.9,1024.28,6.86,0,0,0,,
2021-02-13,23:30,5.8,1.7,76,NW,8,20.9,1024.31,6.86,0,0,0,,
2021-02-13,23:45,5.6,1.7,77,NW,11.3,22.5,1024.25,6.86,0,0,0,,
2021-02-13,OVR,,,,,,,,,,,,gustmax,49.9
2021-02-13,OVR,,,,,,,,,,,,rainrate_max,79.4
2021-02-13,OVR,,,,,,,,,,,,rain_total_mm,6.8
2021-02-13,OVR,,,,,,,,,,,,tmax,12
2021-02-13,OVR,,,,,,,,,,,,tmin,5.4
2021-02-13,OVR,,,,,,,,,,,,wind_dir_mean_deg,59
2021-02-14,00:00,5.4,1.7,77,WNW,11.3,25.7,1024.28,0,0,0,0,,
2021-02-14,00:15,5.4,1.7,77,NW,17.7,27.4,1024.52,0,0,0,0,,
2021-02-14,00:30,5.3,1.7,77,WNW,12.9,25.7,1024.28,0,0,0,0,,
2021-02-14,00:45,5.2,1.7,78,WNW,19.3,24.1,1024.52,0,0,0,0,,
2021-02-14,01:00,4.9,1.1,78,N,9.7,22.5,1024.42,0,0,0,0,,
2021-02-14,01:15,4.6,1.1,80,NE,6.4,12.9,1024.31,0,0,0,0,,
2021-02-14,01:30,4.3,1.1,80,WNW,16.1,16.1,1024.55,0,0,0,0,,
2021-02-14,01:45,4.2,0.6,79,NW,9.7,16.1,1024.82,0,0,0,0,,
2021-02-14,02:00,4.1,0.6,79,NW,9.7,19.3,1025.13,0,0,0,0,,
2021-02-14,02:15,4,0.6,78,NW,9.7,16.1,1025.3,0,0,0,0,,
2021-02-14,02:30,3.8,0,78,NNW,16.1,16.1,1025.33,0,0,0,0,,
2021-02-14,02:45,3.8,0,78,NNW,9.7,20.9,1025.6,0,0,0,0,,
2021-02-14,03:00,3.7,0,78,NW,1.6,20.9,1025.43,0,0,0,0,,
2021-02-14,03:15,3.8,0,77,ENE,1.6,16.1,1025.5,0,0,0,0,,
2021-02-14,03:30,3.7,0,77,ENE,3.2,6.4,1025.47,0,0,0,0,,
2021-02-14,03:45,3.8,0,78,NW,8,11.3,1025.6,0,0,0,0,,
2021-02-14,04:00,3.7,-0.6,76,NW,4.8,12.9,1025.7,0,0,0,0,,
2021-02-14,04:15,3.7,-0.6,74,WNW,12.9,14.5,1025.97,0,0,0,0,,
2021-02-14,04:30,3.6,-1.1,74,WNW,11.3,20.9,1025.74,0,0,0,0,,
2021-02-14,04:45,3.3,-1.1,73,NNW,12.9,17.7,1026.04,0,0,0,0,,
2021-02-14,05:00,2.9,-1.7,73,NW,6.4,14.5,1026.21,0,0,0,0,,
2021-02-14,05:15,2.6,-1.7,74,N,0,16.1,1026.41,0,0,0,0,,
2021-02-14,05:30,2.3,-1.7,75,NNW,1.6,8,1026.45,0,0,0,0,,
2021-02-14,05:45,1.8,-2.2,77,NNW,1.6,4.8,1026.65,0,0,0,0,,
2021-02-14,06:00,1.2,-2.2,79,N,0,4.8,1026.75,0,0,0,0,,
2021-02-14,06:15,1,-2.2,79,N,0,4.8,1027.06,0,0,0,0,,
2021-02-14,06:30,1.1,-2.8,78,N,0,6.4,1027.23,0,0,0,0,,
2021-02-14,06:45,0.9,-2.8,76,WNW,6.4,8,1027.46,0,0,0,0,,
2021-02-14,07:00,1.2,-3.3,74,NNW,4.8,16.1,1027.87,0,0,0,0,,
2021-02-14,07:15,0.9,-3.3,75,NNW,6.4,8,1027.77,0,0,0,0,,
2021-02-14,07:30,0,-3.3,79,NNE,1.6,4.8,1028.04,0,0,0,11,,
2021-02-14,07:45,0.1,-3.3,78,N,0,3.2,1028.21,0,0,0,19,,
2021-02-14,08:00,-0.1,-3.3,80,NNE,1.6,3.2,1028.41,0,0,0,72,,
2021-02-14,08:15,0.6,-2.8,80,N,0,1.6,1028.41,0,0,0,130,,
2021-02-14,08:30,1.3,-3.3,73,NW,3.2,6.4,1028.85,0,0,0,186,,
2021-02-14,08:45,1.7,-3.3,71,NW,4.8,8,1028.95,0,0,0,243,,
2021-02-14,09:00,2.2,-3.3,68,NW,9.7,19.3,1029.06,0,0,1,290,,
2021-02-14,09:15,2.6,-3.3,66,NNW,8,17.7,1029.02,0,0,1,339,,
2021-02-14,09:30,3.3,-3.3,64,WNW,16.1,17.7,1029.19,0,0,1,390,,
2021-02-14,09:45,3.4,-3.9,60,NNW,9.7,19.3,1029.26,0,0,1,432,,
2021-02-14,10:00,3.8,-3.3,60,NW,8,19.3,1029.39,0,0,1,475,,
2021-02-14,10:15,4.2,-3.3,58,NW,6.4,16.1,1029.43,0,0,2,526,,
2021-02-14,10:30,4.3,-3.9,55,NW,3.2,19.3,1029.56,0,0,2,547,,
2021-02-14,10:45,5,-2.8,57,NNE,4.8,11.3,1029.56,0,0,2,510,,
2021-02-14,11:00,5.1,-2.8,58,WNW,8,9.7,1029.7,0,0,2,552,,
2021-02-14,11:15,5.3,-2.8,57,NW,17.7,20.9,1030.04,0,0,2,621,,
2021-02-14,11:30,5.6,-2.8,55,NW,14.5,27.4,1029.77,0,0,3,640,,
2021-02-14,11:45,6.1,-2.8,54,NNW,3.2,20.9,1030.04,0,0,3,654,,
2021-02-14,12:00,5.9,-2.8,54,NW,17.7,32.2,1030.11,0,0,3,668,,
2021-02-14,12:15,6.1,-3.9,50,NNW,19.3,24.1,1030.14,0,0,3,673,,
2021-02-14,12:30,5.8,-3.9,51,WNW,14.5,30.6,1030.21,0,0,3,677,,
2021-02-14,12:45,6,-3.3,52,WNW,24.1,32.2,1029.97,0,0,3,671,,
2021-02-14,13:00,5.8,-3.3,52,NW,16.1,43.5,1030.11,0,0,3,670,,
2021-02-14,13:15,5.8,-3.9,51,NW,9.7,32.2,1029.97,0,0,3,657,,
2021-02-14,13:30,5.7,-3.9,50,NW,19.3,41.8,1030.07,0,0,3,645,,
2021-02-14,13:45,5.4,-3.9,51,NNW,12.9,43.5,1030.27,0,0,3,626,,
2021-02-14,14:00,5.7,-3.9,51,WNW,22.5,37,1030.34,0,0,2,603,,
2021-02-14,14:15,5.7,-3.9,50,NNW,27.4,38.6,1030.24,0,0,2,578,,
2021-02-14,14:30,5.6,-3.9,50,NW,14.5,35.4,1030.27,0,0,2,554,,
2021-02-14,14:45,5.5,-4.4,49,NW,20.9,40.2,1030.58,0,0,2,524,,
2021-02-14,15:00,5.7,-3.9,52,NW,24.1,30.6,1030.21,0,0,2,483,,
2021-02-14,15:15,5.5,-3.9,52,NW,19.3,38.6,1030.58,0,0,1,441,,
2021-02-14,15:30,5.3,-5,49,NNW,25.7,37,1030.58,0,0,1,406,,
2021-02-14,15:45,5.3,-5,47,NW,19.3,37,1030.85,0,0,1,360,,
2021-02-14,16:00,5.6,-4.4,49,NW,27.4,29,1030.78,0,0,1,318,,
2021-02-14,16:15,5.6,-4.4,48,WNW,14.5,25.7,1030.61,0,0,1,262,,
2021-02-14,16:30,5.6,-4.4,49,WNW,14.5,22.5,1030.72,0,0,0,207,,
2021-02-14,16:45,5.6,-3.9,50,NW,6.4,20.9,1030.99,0,0,0,139,,
2021-02-14,17:00,5.4,-3.9,52,WNW,8,19.3,1031.16,0,0,0,88,,
2021-02-14,17:15,5.5,-3.9,51,NW,11.3,16.1,1031.32,0,0,0,23,,
2021-02-14,17:30,5.2,-4.4,51,NNE,8,14.5,1031.36,0,0,0,18,,
2021-02-14,17:45,4.4,-3.9,55,E,8,14.5,1031.63,0,0,0,11,,
2021-02-14,18:00,4.1,-4.4,54,ENE,14.5,16.1,1031.76,0,0,0,0,,
2021-02-14,18:15,3.7,-5.6,53,ENE,14.5,17.7,1032.24,0,0,0,0,,
2021-02-14,18:30,3.4,-5,54,ENE,4.8,16.1,1032.44,0,0,0,0,,
2021-02-14,18:45,3.3,-5.6,53,NE,6.4,24.1,1032.58,0,0,0,0,,
2021-02-14,19:00,3.1,-5.6,54,E,6.4,19.3,1032.71,0,0,0,0,,
2021-02-14,19:15,2.9,-5.6,55,NNW,3.2,14.5,1032.98,0,0,0,0,,
2021-02-14,19:30,2.8,-5.6,56,,8,17.7,1033.15,0,0,0,0,,
2021-02-14,19:45,2.7,-5.6,56,NNE,4.8,14.5,1033.25,0,0,0,0,,
2021-02-14,20:00,2.5,-5.6,56,NNW,8,12.9,1033.59,0,0,0,0,,
2021-02-14,20:15,2.4,-5.6,57,NNW,6.4,8,1033.76,0,0,0,0,,
2021-02-14,20:30,1.8,-5,60,,4.8,6.4,1033.97,0,0,0,0,,
2021-02-14,20:45,1.9,-5.6,58,NNW,4.8,8,1034.17,0,0,0,0,,
2021-02-14,21:00,1.6,-5.6,60,NNW,8,9.7,1034.34,0,0,0,0,,
2021-02-14,21:15,1.7,-5,61,NNW,3.2,12.9,1034.41,0,0,0,0,,
2021-02-14,21:30,1.6,-5,61,,6.4,12.9,1034.44,0,0,0,0,,
2021-02-14,21:45,1.8,-5,60,N,4.8,12.9,1034.44,0,0,0,0,,
2021-02-14,22:00,1.1,-5,64,,3.2,4.8,1034.51,0,0,0,0,,
2021-02-14,22:15,0.9,-5,65,NNE,3.2,4.8,1034.47,0,0,0,0,,
2021-02-14,22:30,1.6,-5,62,NNW,3.2,9.7,1034.51,0,0,0,0,,
2021-02-14,22:45,0.9,-5,65,NNW,3.2,4.8,1034.61,0,0,0,0,,
2021-02-14,23:00,1.4,-5,62,N,6.4,6.4,1034.81,0,0,0,0,,
2021-02-14,23:15,1.5,-5,62,NW,6.4,8,1034.68,0,0,0,0,,
2021-02-14,23:30,1.3,-5,64,N,0,6.4,1034.71,0,0,0,0,,
2021-02-14,23:45,1.2,-5,65,NNW,1.6,3.2,1034.88,0,0,0,0,,
2021-02-14,OVR,,,,,,,,,,,,gustmax,43.5
2021-02-14,OVR,,,,,,,,,,,,rainrate_max,0
2021-02-14,OVR,,,,,,,,,,,,rain_total_mm,0
2021-02-14,OVR,,,,,,,,,,,,tmax,6.3
2021-02-14,OVR,,,,,,,,,,,,tmin,-0.1
2021-02-14,OVR,,,,,,,,,,,,wind_dir_mean_deg,38
2021-02-15,00:00,1.3,-4.4,65,N,0,4.8,1034.91,0,0,0,0,,
2021-02-15,00:15,1.2,-4.4,66,N,0,4.8,1035.02,0,0,0,0,,
2021-02-15,00:30,1.1,-4.4,67,NNW,4.8,6.4,1035.02,0,0,0,0,,
2021-02-15,00:45,0.9,-4.4,67,NNW,8,9.7,1035.19,0,0,0,0,,
2021-02-15,01:00,1.1,-4.4,66,N,0,6.4,1035.25,0,0,0,0,,
2021-02-15,01:15,0.9,-4.4,68,N,0,4.8,1035.08,0,0,0,0,,
2021-02-15,01:30,0.7,-4.4,68,N,0,3.2,1035.19,0,0,0,0,,
2021-02-15,01:45,0.7,-4.4,69,NNW,1.6,4.8,1035.12,0,0,0,0,,
2021-02-15,02:00,0.2,-5,70,N,0,3.2,1035.25,0,0,0,0,,
2021-02-15,02:15,-0.2,-5,72,N,0,4.8,1035.32,0,0,0,0,,
2021-02-15,02:30,0.4,-4.4,69,N,0,3.2,1035.52,0,0,0,0,,
2021-02-15,02:45,0.8,-4.4,68,NNE,1.6,4.8,1035.46,0,0,0,0,,
2021-02-15,03:00,0.1,-5,70,N,0,3.2,1035.46,0,0,0,0,,
2021-02-15,03:15,-0.7,-5,74,N,0,3.2,1035.59,0,0,0,0,,
2021-02-15,03:30,-0.7,-5,74,N,0,3.2,1035.42,0,0,0,0,,
2021-02-15,03:45,-0.6,-5,74,N,0,1.6,1035.12,0,0,0,0,,
2021-02-15,04:00,-0.7,-5,75,N,0,3.2,1035.32,0,0,0,0,,
2021-02-15,04:15,-0.2,-5,72,NNE,1.6,3.2,1035.12,0,0,0,0,,
2021-02-15,04:30,-0.1,-4.4,72,,3.2,4.8,1035.32,0,0,0,0,,
2021-02-15,04:45,-0.2,-5,72,NNW,1.6,6.4,1035.42,0,0,0,0,,
2021-02-15,05:00,0,-5,71,NNW,3.2,3.2,1035.25,0,0,0,0,,
2021-02-15,05:15,-0.6,-5,72,NE,1.6,6.4,1035.39,0,0,0,0,,
2021-02-15,05:30,-0.8,-5,74,N,0,6.4,1035.19,0,0,0,0,,
2021-02-15,05:45,-0.1,-5,70,NE,1.6,4.8,1035.02,0,0,0,0,,
2021-02-15,06:00,-0.4,-5,71,NE,1.6,4.8,1035.22,0,0,0,0,,
2021-02-15,06:15,-0.3,-5.6,70,ENE,1.6,3.2,1035.22,0,0,0,0,,
2021-02-15,06:30,-0.6,-5.6,70,ENE,1.6,3.2,1035.19,0,0,0,0,,
2021-02-15,06:45,-0.6,-5.6,70,ENE,3.2,4.8,1035.25,0,0,0,0,,
2021-02-15,07:00,-0.8,-5.6,70,E,1.6,4.8,1035.52,0,0,0,0,,
2021-02-15,07:15,0.1,-6.1,65,ESE,3.2,4.8,1035.59,0,0,0,0,,
2021-02-15,07:30,0.3,-5.6,65,ESE,1.6,4.8,1035.66,0,0,0,11,,
2021-02-15,07:45,0.1,-6.1,65,N,0,4.8,1036,0,0,0,16,,
2021-02-15,08:00,0.1,-5.6,67,N,0,1.6,1036.07,0,0,0,86,,
2021-02-15,08:15,0.4,-5,67,N,0,1.6,1036.3,0,0,0,141,,
2021-02-15,08:30,1.1,-4.4,69,N,0,4.8,1036.27,0,0,0,193,,
2021-02-15,08:45,1.3,-4.4,66,NNE,1.6,3.2,1036.4,0,0,0,251,,
2021-02-15,09:00,2.4,-4.4,61,SW,1.6,3.2,1036.4,0,0,1,299,,
2021-02-15,09:15,2.4,-4.4,61,WNW,3.2,4.8,1036.71,0,0,1,346,,
2021-02-15,09:30,2.9,-4.4,60,NNW,1.6,6.4,1036.71,0,0,1,388,,
2021-02-15,09:45,3.3,-3.9,59,NW,1.6,8,1036.81,0,0,1,434,,
2021-02-15,10:00,3.7,-4.4,57,NW,6.4,11.3,1037.08,0,0,2,475,,
2021-02-15,10:15,4,-4.4,55,WNW,6.4,11.3,1037.15,0,0,2,506,,
2021-02-15,10:30,4.1,-5,52,NW,3.2,11.3,1036.98,0,0,2,543,,
2021-02-15,10:45,4.4,-5.6,50,WNW,4.8,12.9,1037.01,0,0,2,573,,
2021-02-15,11:00,4.9,-5,49,WNW,6.4,12.9,1037.15,0,0,2,598,,
2021-02-15,11:15,5.1,-5,49,WNW,3.2,12.9,1037.32,0,0,3,619,,
2021-02-15,11:30,5.8,-3.9,50,WNW,14.5,14.5,1037.15,0,0,3,638,,
2021-02-15,11:45,5.9,-3.9,51,WNW,8,14.5,1037.18,0,0,3,652,,
2021-02-15,12:00,6,-3.3,51,WNW,3.2,12.9,1037.32,0,0,3,663,,
2021-02-15,12:15,6.6,-2.8,51,NW,4.8,6.4,1037.05,0,0,3,670,,
2021-02-15,12:30,6.8,-3.3,48,NNE,8,12.9,1037.12,0,0,3,670,,
2021-02-15,12:45,7.3,-3.3,48,ESE,9.7,12.9,1036.78,0,0,3,668,,
2021-02-15,13:00,7.1,-3.3,47,NW,4.8,11.3,1036.47,0,0,3,663,,
2021-02-15,13:15,7.8,-2.8,47,ESE,1.6,11.3,1036.34,0,0,3,659,,
2021-02-15,13:30,7.8,-2.8,48,NNE,1.6,9.7,1036.3,0,0,3,643,,
2021-02-15,13:45,7.4,-2.8,48,S,1.6,9.7,1036.3,0,0,3,650,,
2021-02-15,14:00,7.6,-2.2,50,W,14.5,14.5,1036.2,0,0,3,606,,
2021-02-15,14:15,7.7,-2.2,50,W,3.2,16.1,1035.83,0,0,2,599,,
2021-02-15,14:30,7.8,-2.2,49,WNW,8,12.9,1035.83,0,0,2,573,,
2021-02-15,14:45,7.7,-2.8,49,WNW,8,14.5,1035.93,0,0,2,531,,
2021-02-15,15:00,7.9,-2.2,50,W,14.5,17.7,1036.07,0,0,2,476,,
2021-02-15,15:15,8.2,-2.2,49,W,9.7,11.3,1036,0,0,2,441,,
2021-02-15,15:30,7.7,-2.8,47,WNW,11.3,16.1,1035.93,0,0,1,399,,
2021-02-15,15:45,7.7,-2.8,48,WSW,1.6,12.9,1036,0,0,1,360,,
2021-02-15,16:00,7.9,-2.8,48,WNW,6.4,11.3,1035.86,0,0,1,320,,
2021-02-15,16:15,7.8,-2.8,47,WNW,12.9,16.1,1035.76,0,0,1,267,,
2021-02-15,16:30,7.8,-2.8,48,WNW,6.4,12.9,1035.59,0,0,0,213,,
2021-02-15,16:45,7.7,-2.8,48,WNW,4.8,9.7,1035.63,0,0,0,142,,
2021-02-15,17:00,7.7,-2.2,49,WNW,1.6,9.7,1035.76,0,0,0,86,,
2021-02-15,17:15,7.6,-1.7,52,N,0,6.4,1035.76,0,0,0,21,,
2021-02-15,17:30,6.9,-2.2,53,N,0,1.6,1035.66,0,0,0,18,,
2021-02-15,17:45,6.1,-2.2,57,N,0,3.2,1035.73,0,0,0,11,,
2021-02-15,18:00,4.9,-2.2,62,WSW,1.6,3.2,1035.66,0,0,0,0,,
2021-02-15,18:15,4.2,-2.8,62,N,0,1.6,1035.76,0,0,0,0,,
2021-02-15,18:30,3.6,-2.8,63,N,0,3.2,1035.83,0,0,0,0,,
2021-02-15,18:45,3.6,-2.8,64,N,0,3.2,1036.07,0,0,0,0,,
2021-02-15,19:00,4.1,-2.8,61,WNW,4.8,9.7,1036.17,0,0,0,0,,
2021-02-15,19:15,4.8,-3.3,55,WNW,1.6,9.7,1036.1,0,0,0,0,,
2021-02-15,19:30,3.6,-3.9,60,N,0,4.8,1036.23,0,0,0,0,,
2021-02-15,19:45,3.4,-3.3,62,NW,1.6,3.2,1036.27,0,0,0,0,,
2021-02-15,20:00,3.3,-3.3,62,NW,1.6,1.6,1035.83,0,0,0,0,,
2021-02-15,20:15,3.2,-3.3,63,NW,1.6,1.6,1035.93,0,0,0,0,,
2021-02-15,20:30,3.1,-3.3,63,N,0,1.6,1036.03,0,0,0,0,,
2021-02-15,20:45,3,-3.3,64,NNE,3.2,3.2,1036.17,0,0,0,0,,
2021-02-15,21:00,3.4,-3.3,62,N,0,3.2,1036.17,0,0,0,0,,
2021-02-15,21:15,2.6,-3.3,66,NE,1.6,1.6,1036.27,0,0,0,0,,
2021-02-15,21:30,2.5,-3.3,66,NE,1.6,1.6,1036.23,0,0,0,0,,
2021-02-15,21:45,2.6,-3.3,65,N,0,3.2,1036.13,0,0,0,0,,
2021-02-15,22:00,2.9,-3.3,64,NE,1.6,1.6,1036.07,0,0,0,0,,
2021-02-15,22:15,2.7,-3.3,66,N,0,1.6,1035.93,0,0,0,0,,
2021-02-15,22:30,2.9,-3.3,66,NE,1.6,3.2,1036.1,0,0,0,0,,
2021-02-15,22:45,3.3,-2.8,66,NE,1.6,4.8,1035.93,0,0,0,0,,
2021-02-15,23:00,3.2,-2.8,67,NE,3.2,4.8,1035.73,0,0,0,0,,
2021-02-15,23:15,2.8,-2.2,69,NE,3.2,3.2,1035.56,0,0,0,0,,
2021-02-15,23:30,2.8,-2.2,69,NE,3.2,4.8,1035.63,0,0,0,0,,
2021-02-15,23:45,2.6,-2.2,70,E,1.6,4.8,1035.59,0,0,0,0,,
2021-02-15,OVR,,,,,,,,,,,,gustmax,17.7
2021-02-15,OVR,,,,,,,,,,,,rainrate_max,0
2021-02-15,OVR,,,,,,,,,,,,rain_total_mm,0
2021-02-15,OVR,,,,,,,,,,,,tmax,8.2
2021-02-15,OVR,,,,,,,,,,,,tmin,-0.9
2021-02-15,OVR,,,,,,,,,,,,wind_dir_mean_deg,51
2021-02-16,00:00,2.7,-2.2,71,E,1.6,3.2,1035.63,0,0,0,0,,
2021-02-16,00:15,2.8,-2.2,71,ESE,4.8,6.4,1035.59,0,0,0,0,,
2021-02-16,00:30,2.8,-2.2,71,ESE,1.6,6.4,1035.22,0,0,0,0,,
2021-02-16,00:45,2.6,-2.2,73,ESE,3.2,4.8,1035.25,0,0,0,0,,
2021-02-16,01:00,2.4,-2.2,73,ESE,4.8,4.8,1035.12,0,0,0,0,,
2021-02-16,01:15,2.2,-2.2,74,ESE,1.6,3.2,1035.19,0,0,0,0,,
2021-02-16,01:30,2.1,-2.2,75,ESE,1.6,3.2,1035.05,0,0,0,0,,
2021-02-16,01:45,2,-2.2,76,ESE,1.6,3.2,1034.71,0,0,0,0,,
2021-02-16,02:00,2.2,-2.2,75,ESE,1.6,3.2,1034.61,0,0,0,0,,
2021-02-16,02:15,2.2,-2.2,75,ESE,3.2,4.8,1034.47,0,0,0,0,,
2021-02-16,02:30,2.2,-2.2,75,ESE,1.6,4.8,1034.3,0,0,0,0,,
2021-02-16,02:45,2.2,-2.2,75,ESE,4.8,4.8,1034.27,0,0,0,0,,
2021-02-16,03:00,1.8,-2.2,76,ESE,1.6,4.8,1034,0,0,0,0,,
2021-02-16,03:15,2,-1.7,76,ESE,3.2,4.8,1033.76,0,0,0,0,,
2021-02-16,03:30,2.2,-1.7,75,ESE,3.2,4.8,1033.73,0,0,0,0,,
2021-02-16,03:45,1.9,-2.2,77,ESE,1.6,4.8,1033.39,0,0,0,0,,
2021-02-16,04:00,2.1,-1.7,76,ESE,1.6,3.2,1033.29,0,0,0,0,,
2021-02-16,04:15,1.8,-2.2,77,ESE,1.6,3.2,1033.09,0,0,0,0,,
2021-02-16,04:30,1.9,-2.2,76,ESE,3.2,4.8,1033.29,0,0,0,0,,
2021-02-16,04:45,2.1,-2.2,75,ESE,4.8,6.4,1033.02,0,0,0,0,,
2021-02-16,05:00,2.1,-2.2,74,ESE,3.2,6.4,1032.85,0,0,0,0,,
2021-02-16,05:15,2.2,-2.2,74,ESE,4.8,6.4,1032.88,0,0,0,0,,
2021-02-16,05:30,1.9,-2.2,75,ESE,3.2,4.8,1032.88,0,0,0,0,,
2021-02-16,05:45,2.2,-2.2,75,ESE,3.2,6.4,1032.65,0,0,0,0,,
2021-02-16,06:00,2.1,-2.2,75,ESE,3.2,4.8,1032.48,0,0,0,0,,
2021-02-16,06:15,1.8,-2.2,77,ESE,3.2,3.2,1032.41,0,0,0,0,,
2021-02-16,06:30,2.1,-1.7,76,ESE,4.8,4.8,1032.04,0,0,0,0,,
2021-02-16,06:45,1.8,-1.7,77,ESE,4.8,4.8,1031.93,0,0,0,0,,
2021-02-16,07:00,1.6,-2.2,77,ESE,4.8,6.4,1031.76,0,0,0,0,,
2021-02-16,07:15,2.2,-1.7,76,ESE,6.4,11.3,1031.46,0,0,0,0,,
2021-02-16,07:30,2.8,-1.7,74,ESE,4.8,12.9,1031.63,0,0,0,11,,
2021-02-16,07:45,2.8,-1.7,73,ESE,6.4,11.3,1031.73,0,0,0,18,,
2021-02-16,08:00,3.1,-1.7,73,ESE,3.2,9.7,1031.56,0,0,0,88,,
2021-02-16,08:15,3.9,-1.1,70,E,3.2,8,1031.7,0,0,0,139,,
2021-02-16,08:30,4.3,-1.1,69,E,4.8,9.7,1031.7,0,0,0,197,,
2021-02-16,08:45,4.7,-0.6,69,ESE,6.4,9.7,1031.7,0,0,0,251,,
2021-02-16,09:00,5.4,-0.6,68,E,3.2,9.7,1031.8,0,0,1,299,,
2021-02-16,09:15,6,0,65,N,0,4.8,1031.8,0,0,1,348,,
2021-02-16,09:30,6.3,0,64,SE,3.2,8,1031.87,0,0,1,390,,
2021-02-16,09:45,6.6,0.6,65,N,0,8,1031.7,0,0,1,434,,
2021-02-16,10:00,6.7,0,64,E,6.4,8,1031.76,0,0,2,476,,
2021-02-16,10:15,6.9,0,63,ESE,3.2,9.7,1031.7,0,0,2,504,,
2021-02-16,10:30,7.2,0.6,63,SSE,1.6,6.4,1031.56,0,0,2,519,,
2021-02-16,10:45,7.3,0.6,63,SSE,3.2,9.7,1031.46,0,0,2,563,,
2021-02-16,11:00,7.7,1.1,63,NW,3.2,9.7,1031.6,0,0,3,598,,
2021-02-16,11:15,7.8,0.6,62,WNW,6.4,11.3,1031.53,0,0,3,610,,
2021-02-16,11:30,8.1,0.6,60,SSE,6.4,9.7,1031.29,0,0,3,635,,
2021-02-16,11:45,8.4,1.1,60,WNW,6.4,11.3,1031.16,0,0,3,649,,
2021-02-16,12:00,8.4,1.1,61,NW,4.8,20.9,1031.19,0,0,3,663,,
2021-02-16,12:15,8.6,0.6,59,WNW,9.7,12.9,1030.85,0,0,3,675,,
2021-02-16,12:30,8.7,0.6,58,W,1.6,16.1,1030.72,0,0,3,670,,
2021-02-16,12:45,9,1.1,58,N,0,17.7,1030.24,0,0,3,668,,
2021-02-16,13:00,9.2,1.1,58,WNW,8,16.1,1030.11,0,0,3,666,,
2021-02-16,13:15,9.6,1.7,59,W,12.9,14.5,1029.87,0,0,3,652,,
2021-02-16,13:30,9.2,1.7,60,WNW,16.1,20.9,1029.6,0,0,3,635,,
2021-02-16,13:45,9.3,1.7,59,WNW,1.6,12.9,1029.63,0,0,3,622,,
2021-02-16,14:00,9.6,1.7,58,NW,1.6,14.5,1029.39,0,0,3,601,,
2021-02-16,14:15,10.1,2.2,58,S,3.2,12.9,1029.36,0,0,3,571,,
2021-02-16,14:30,9.9,2.8,61,NW,4.8,16.1,1029.12,0,0,2,550,,
2021-02-16,14:45,9.8,2.2,60,WNW,11.3,25.7,1029.06,0,0,2,517,,
2021-02-16,15:00,10.1,2.8,62,WNW,3.2,19.3,1028.95,0,0,2,482,,
2021-02-16,15:15,9.8,2.8,61,SW,1.6,17.7,1028.99,0,0,2,403,,
2021-02-16,15:30,9.9,2.8,62,W,16.1,16.1,1028.85,0,0,1,378,,
2021-02-16,15:45,9.8,2.8,61,W,12.9,19.3,1028.75,0,0,1,278,,
2021-02-16,16:00,9.8,3.3,64,WNW,12.9,20.9,1028.65,0,0,1,181,,
2021-02-16,16:15,9.4,3.3,66,W,17.7,22.5,1028.51,0,0,1,202,,
2021-02-16,16:30,9.2,3.3,67,NW,12.9,22.5,1028.11,0,0,0,181,,
2021-02-16,16:45,9.2,3.3,67,W,4.8,19.3,1027.9,0,0,0,120,,
2021-02-16,17:00,9,3.3,69,WNW,11.3,17.7,1027.87,0,0,0,98,,
2021-02-16,17:15,8.8,3.3,69,W,12.9,19.3,1027.9,0,0,0,65,,
2021-02-16,17:30,8.4,3.3,70,WNW,8,16.1,1027.94,0,0,0,47,,
2021-02-16,17:45,8.3,3.3,72,NW,4.8,14.5,1027.94,0,0,0,26,,
2021-02-16,18:00,8.1,3.3,72,WNW,6.4,17.7,1027.77,0,0,0,7,,
2021-02-16,18:15,7.9,3.3,73,WNW,3.2,9.7,1027.8,0,0,0,0,,
2021-02-16,18:30,7.3,3.3,76,N,0,6.4,1027.84,0,0,0,0,,
2021-02-16,18:45,6.6,2.8,77,N,0,4.8,1027.84,0,0,0,0,,
2021-02-16,19:00,6.2,2.8,79,N,0,1.6,1027.77,0,0,0,0,,
2021-02-16,19:15,6.2,2.8,79,N,0,1.6,1027.77,0,0,0,0,,
2021-02-16,19:30,5.9,2.8,80,N,0,1.6,1027.77,0,0,0,0,,
2021-02-16,19:45,5.7,2.2,80,N,0,1.6,1027.8,0,0,0,0,,
2021-02-16,20:00,5.4,2.2,81,NW,1.6,1.6,1027.57,0,0,0,0,,
2021-02-16,20:15,5.7,2.2,79,NW,1.6,3.2,1027.5,0,0,0,0,,
2021-02-16,20:30,5.8,2.2,78,NE,3.2,3.2,1027.43,0,0,0,0,,
2021-02-16,20:45,5.8,2.2,78,NE,3.2,4.8,1027.43,0,0,0,0,,
2021-02-16,21:00,5.8,2.2,78,NE,1.6,3.2,1027.5,0,0,0,0,,
2021-02-16,21:15,5.4,2.2,80,ENE,1.6,4.8,1027.43,0,0,0,0,,
2021-02-16,21:30,5.6,2.2,80,ENE,1.6,3.2,1027.36,0,0,0,0,,
2021-02-16,21:45,5.2,1.7,80,ESE,4.8,6.4,1027.43,0,0,0,0,,
2021-02-16,22:00,4.8,1.7,82,E,1.6,6.4,1027.09,0,0,0,0,,
2021-02-16,22:15,4.8,1.7,82,ESE,4.8,4.8,1027.16,0,0,0,0,,
2021-02-16,22:30,5,2.2,82,ESE,4.8,6.4,1026.92,0,0,0,0,,
2021-02-16,22:45,5.1,1.7,81,ESE,4.8,6.4,1026.79,0,0,0,0,,
2021-02-16,23:00,4.8,1.7,82,ESE,6.4,9.7,1026.62,0,0,0,0,,
2021-02-16,23:15,4.8,1.7,82,SE,4.8,8,1026.69,0,0,0,0,,
2021-02-16,23:30,4.9,1.7,81,SE,3.2,6.4,1026.69,0,0,0,0,,
2021-02-16,23:45,4.8,1.7,82,SE,1.6,4.8,1026.69,0,0,0,0,,
2021-02-16,OVR,,,,,,,,,,,,gustmax,25.7
2021-02-16,OVR,,,,,,,,,,,,rainrate_max,0
2021-02-16,OVR,,,,,,,,,,,,rain_total_mm,0
2021-02-16,OVR,,,,,,,,,,,,tmax,10.4
2021-02-16,OVR,,,,,,,,,,,,tmin,1.5
2021-02-16,OVR,,,,,,,,,,,,wind_dir_mean_deg,103
2021-02-17,00:00,5.2,2.2,81,SE,4.8,6.4,1026.65,0,0,0,0,,
2021-02-17,00:15,5.1,1.7,80,SE,3.2,6.4,1026.45,0,0,0,0,,
2021-02-17,00:30,5.4,1.7,79,SE,1.6,4.8,1026.52,0,0,0,0,,
2021-02-17,00:45,4.9,1.7,80,N,0,4.8,1026.55,0,0,0,0,,
2021-02-17,01:00,4.5,1.1,81,ENE,1.6,6.4,1026.35,0,0,0,0,,
2021-02-17,01:15,3.7,1.1,83,ENE,3.2,4.8,1026.25,0,0,0,0,,
2021-02-17,01:30,3.6,1.1,84,ENE,1.6,1.6,1026.21,0,0,0,0,,
2021-02-17,01:45,3.6,1.1,85,ENE,3.2,3.2,1026.28,0,0,0,0,,
2021-02-17,02:00,3.3,1.1,86,N,0,4.8,1026.18,0,0,0,0,,
2021-02-17,02:15,3.3,1.1,86,N,0,3.2,1025.97,0,0,0,0,,
2021-02-17,02:30,3.8,1.1,85,ENE,1.6,3.2,1025.94,0,0,0,0,,
2021-02-17,02:45,4.2,1.7,86,ENE,3.2,3.2,1025.87,0,0,0,0,,
2021-02-17,03:00,4.3,1.7,83,N,0,3.2,1025.64,0,0,0,0,,
2021-02-17,03:15,3.8,1.1,85,N,0,1.6,1025.84,0,0,0,0,,
2021-02-17,03:30,3.8,1.1,85,N,0,1.6,1025.53,0,0,0,0,,
2021-02-17,03:45,4.3,1.7,85,N,0,3.2,1025.47,0,0,0,0,,
2021-02-17,04:00,4.4,1.7,84,E,3.2,3.2,1025.2,0,0,0,0,,
2021-02-17,04:15,4.2,1.7,84,E,1.6,3.2,1025.06,0,0,0,0,,
2021-02-17,04:30,4.3,1.7,84,N,0,1.6,1025.23,0,0,0,0,,
2021-02-17,04:45,3.9,1.1,83,N,0,3.2,1025.06,0,0,0,0,,
2021-02-17,05:00,3.9,1.1,83,N,0,1.6,1025.13,0,0,0,0,,
2021-02-17,05:15,3.3,0.6,85,ENE,1.6,1.6,1024.96,0,0,0,0,,
2021-02-17,05:30,4.2,1.1,83,ENE,1.6,3.2,1024.89,0,0,0,0,,
2021-02-17,05:45,4.8,1.7,81,ENE,3.2,4.8,1024.89,0,0,0,0,,
2021-02-17,06:00,4.7,1.7,81,ENE,1.6,4.8,1024.69,0,0,0,0,,
2021-02-17,06:15,4.5,1.7,82,NE,1.6,4.8,1024.52,0,0,0,0,,
2021-02-17,06:30,4.6,1.7,81,N,0,1.6,1024.69,0,0,0,0,,
2021-02-17,06:45,4.3,1.1,81,NE,1.6,3.2,1024.62,0,0,0,0,,
2021-02-17,07:00,3.8,1.1,84,N,0,3.2,1024.59,0,0,0,0,,
2021-02-17,07:15,4.4,1.7,83,NE,1.6,3.2,1024.62,0,0,0,0,,
2021-02-17,07:30,4.8,1.7,82,N,0,3.2,1024.72,0,0,0,16,,
2021-02-17,07:45,5.1,1.7,81,E,1.6,1.6,1025.06,0,0,0,30,,
2021-02-17,08:00,5.6,2.2,79,N,0,1.6,1025.09,0,0,0,118,,
2021-02-17,08:15,6.1,2.2,79,N,0,3.2,1024.99,0,0,0,70,,
2021-02-17,08:30,6.2,2.8,79,ENE,1.6,1.6,1025.16,0,0,0,178,,
2021-02-17,08:45,7.1,3.3,78,NNE,1.6,3.2,1024.92,0,0,0,251,,
2021-02-17,09:00,8.2,3.9,74,N,0,3.2,1025.06,0,0,1,318,,
2021-02-17,09:15,8.4,4.4,76,SE,1.6,4.8,1025.06,0,0,1,258,,
2021-02-17,09:30,8.2,4.4,77,N,0,3.2,1024.96,0,0,1,339,,
2021-02-17,09:45,8.3,4.4,76,N,0,4.8,1025.06,0,0,1,334,,
2021-02-17,10:00,8.4,4.4,76,N,0,6.4,1025.09,0,0,2,469,,
2021-02-17,10:15,8.8,4.4,76,SSE,3.2,6.4,1025.23,0,0,2,506,,
2021-02-17,10:30,9.3,5,75,WSW,1.6,6.4,1025.26,0,0,2,541,,
2021-02-17,10:45,9.2,4.4,73,SW,3.2,6.4,1025.4,0,0,2,570,,
2021-02-17,11:00,9.8,5,72,SW,1.6,8,1025.3,0,0,3,585,,
2021-02-17,11:15,9.9,5,72,WNW,3.2,6.4,1025.23,0,0,3,635,,
2021-02-17,11:30,10,5,71,WNW,4.8,11.3,1025.36,0,0,3,642,,
2021-02-17,11:45,10.1,5,72,N,0,17.7,1025.3,0,0,3,654,,
2021-02-17,12:00,10.2,5,71,NW,4.8,19.3,1025.09,0,0,3,682,,
2021-02-17,12:15,10.4,5,71,W,3.2,8,1024.92,0,0,3,664,,
2021-02-17,12:30,10.7,5.6,71,N,0,19.3,1024.65,0,0,4,694,,
2021-02-17,12:45,10.8,5,70,WNW,9.7,20.9,1024.59,0,0,4,671,,
2021-02-17,13:00,10.9,5.6,70,WNW,6.4,16.1,1024.28,0,0,3,663,,
2021-02-17,13:15,11.4,6.1,71,S,4.8,19.3,1024.42,0,0,3,643,,
2021-02-17,13:30,11.3,5.6,69,W,4.8,24.1,1024.15,0,0,3,631,,
2021-02-17,13:45,11.6,6.7,72,W,17.7,22.5,1024.04,0,0,3,612,,
2021-02-17,14:00,11.6,6.1,71,W,11.3,22.5,1023.6,0,0,3,591,,
2021-02-17,14:15,11.7,6.7,72,WSW,6.4,25.7,1023.67,0,0,3,563,,
2021-02-17,14:30,11.6,6.7,72,WNW,9.7,22.5,1023.47,0,0,2,540,,
2021-02-17,14:45,11.3,6.7,73,WNW,14.5,22.5,1023.43,0,0,2,508,,
2021-02-17,15:00,11.7,6.7,72,WNW,17.7,19.3,1023.43,0,0,2,475,,
2021-02-17,15:15,11.6,6.7,73,NW,16.1,22.5,1023.33,0,0,2,436,,
2021-02-17,15:30,11.6,6.7,74,WNW,12.9,27.4,1023.2,0,0,1,397,,
2021-02-17,15:45,11.6,6.7,74,WNW,9.7,27.4,1023.37,0,0,1,359,,
2021-02-17,16:00,11.3,6.7,75,WNW,12.9,24.1,1023.1,0,0,1,320,,
2021-02-17,16:15,11.2,6.7,75,W,14.5,27.4,1023.33,0,0,1,271,,
2021-02-17,16:30,11.1,6.7,76,W,17.7,30.6,1023.37,0,0,1,214,,
2021-02-17,16:45,11,6.7,76,W,17.7,27.4,1023.23,0,0,0,127,,
2021-02-17,17:00,10.7,6.7,78,W,3.2,24.1,1023.13,0,0,0,33,,
2021-02-17,17:15,10.4,6.7,79,W,6.4,24.1,1023.3,0,0,0,26,,
2021-02-17,17:30,10.2,6.7,79,W,11.3,12.9,1023.3,0,0,0,19,,
2021-02-17,17:45,9.8,6.7,81,WNW,8,14.5,1023.37,0,0,0,12,,
2021-02-17,18:00,9.3,6.1,82,W,3.2,17.7,1023.57,0,0,0,0,,
2021-02-17,18:15,9,6.1,83,WNW,4.8,12.9,1023.47,0,0,0,0,,
2021-02-17,18:30,8.7,6.1,85,W,1.6,12.9,1023.5,0,0,0,0,,
2021-02-17,18:45,7.9,5.6,86,SW,1.6,4.8,1023.81,0,0,0,0,,
2021-02-17,19:00,7.6,5.6,87,SW,1.6,3.2,1023.71,0,0,0,0,,
2021-02-17,19:15,7.5,5.6,89,SW,1.6,3.2,1023.74,0,0,0,0,,
2021-02-17,19:30,7.1,5,86,SW,1.6,3.2,1023.6,0,0,0,0,,
2021-02-17,19:45,7.1,5.6,90,SW,1.6,3.2,1023.6,0,0,0,0,,
2021-02-17,20:00,6.6,5,90,N,0,3.2,1023.74,0,0,0,0,,
2021-02-17,20:15,6.6,5,90,SW,1.6,3.2,1023.54,0,0,0,0,,
2021-02-17,20:30,6.5,5,91,SW,1.6,3.2,1023.81,0,0,0,0,,
2021-02-17,20:45,6.6,5,91,SW,1.6,3.2,1023.57,0,0,0,0,,
2021-02-17,21:00,6.6,5,91,N,0,3.2,1023.6,0,0,0,0,,
2021-02-17,21:15,7.4,5.6,90,ESE,1.6,4.8,1023.77,0,0,0,0,,
2021-02-17,21:30,7.4,5.6,89,N,0,3.2,1023.91,0,0,0,0,,
2021-02-17,21:45,7.3,5.6,89,ESE,1.6,4.8,1023.77,0,0,0,0,,
2021-02-17,22:00,7.4,5.6,89,ESE,1.6,4.8,1023.87,0,0,0,0,,
2021-02-17,22:15,7.2,5.6,89,ESE,4.8,4.8,1023.84,0,0,0,0,,
2021-02-17,22:30,7.4,5.6,89,ESE,4.8,11.3,1023.84,0,0,0,0,,
2021-02-17,22:45,7.2,5.6,90,ESE,3.2,11.3,1023.71,0,0,0,0,,
2021-02-17,23:00,7.2,5.6,90,ESE,6.4,11.3,1023.81,0,0,0,0,,
2021-02-17,23:15,7.2,5.6,90,ESE,9.7,12.9,1023.84,0,0,0,0,,
2021-02-17,23:30,7.6,6.1,90,ESE,8,14.5,1023.81,0,0,0,0,,
2021-02-17,23:45,7.6,5.6,90,SE,8,14.5,1024.04,0,0,0,0,,
2021-02-17,OVR,,,,,,,,,,,,gustmax,35.4
2021-02-17,OVR,,,,,,,,,,,,rainrate_max,0
2021-02-17,OVR,,,,,,,,,,,,rain_total_mm,0
2021-02-17,OVR,,,,,,,,,,,,tmax,11.9
2021-02-17,OVR,,,,,,,,,,,,tmin,3.2
2021-02-17,OVR,,,,,,,,,,,,wind_dir_mean_deg,83
2021-02-18,00:00,7.2,5.6,90,ESE,6.4,11.3,1024.11,0,0,0,0,,
2021-02-18,00:15,7.1,5.6,91,ESE,11.3,14.5,1024.15,0,0,0,0,,
2021-02-18,00:30,7.6,6.1,91,ESE,8,14.5,1024.11,0,0,0,0,,
2021-02-18,00:45,7.9,6.1,90,ESE,6.4,14.5,1023.87,0,0,0,0,,
2021-02-18,01:00,7.9,6.1,90,ESE,8,12.9,1023.77,0,0,0,0,,
2021-02-18,01:15,8.2,6.7,90,SE,11.3,14.5,1023.71,0,0,0,0,,
2021-02-18,01:30,8.4,6.7,90,SE,6.4,14.5,1023.57,0,0,0,0,,
2021-02-18,01:45,8.1,6.1,89,ESE,4.8,9.7,1023.43,0,0,0,0,,
2021-02-18,02:00,7.8,6.1,90,ESE,6.4,9.7,1023.43,0,0,0,0,,
2021-02-18,02:15,7.7,6.1,91,ESE,3.2,9.7,1023.47,0,0,0,0,,
2021-02-18,02:30,7.8,6.1,91,ESE,4.8,11.3,1023.5,0,0,0,0,,
2021-02-18,02:45,7.8,6.1,90,E,6.4,9.7,1023.37,0,0,0,0,,
2021-02-18,03:00,8.1,6.1,90,ESE,3.2,9.7,1023.27,0,0,0,0,,
2021-02-18,03:15,8.2,6.1,89,ESE,3.2,9.7,1023.2,0,0,0,0,,
2021-02-18,03:30,8.1,6.1,89,ESE,9.7,9.7,1023.3,0,0,0,0,,
2021-02-18,03:45,7.8,6.1,89,ESE,4.8,9.7,1023.16,0,0,0,0,,
2021-02-18,04:00,7.6,5.6,89,ESE,1.6,6.4,1023.1,0,0,0,0,,
2021-02-18,04:15,7.3,5.6,90,ESE,4.8,6.4,1022.99,0,0,0,0,,
2021-02-18,04:30,7.4,5.6,90,ESE,3.2,6.4,1022.93,0,0,0,0,,
2021-02-18,04:45,7.3,5.6,90,ESE,3.2,6.4,1023.06,0,0,0,0,,
2021-02-18,05:00,7.2,5.6,89,ESE,3.2,11.3,1023.06,0,0,0,0,,
2021-02-18,05:15,7.2,5,89,E,3.2,6.4,1023.16,0,0,0,0,,
2021-02-18,05:30,6.9,5,89,ESE,4.8,6.4,1023.06,0,0,0,0,,
2021-02-18,05:45,6.6,5,90,ESE,4.8,6.4,1022.99,0,0,0,0,,
2021-02-18,06:00,6.8,5,90,ESE,3.2,6.4,1022.99,0,0,0,0,,
2021-02-18,06:15,7.2,5.6,89,SE,8,11.3,1022.96,0,0,0,0,,
2021-02-18,06:30,7.3,5,87,ESE,9.7,11.3,1022.86,0,0,0,0,,
2021-02-18,06:45,7.3,5,87,ESE,4.8,12.9,1022.89,0,0,0,0,,
2021-02-18,07:00,7.4,5,86,ESE,6.4,12.9,1022.96,0,0,0,0,,
2021-02-18,07:15,7.4,5,86,ESE,9.7,12.9,1023.1,0,0,0,0,,
2021-02-18,07:30,7.3,5,86,ESE,3.2,11.3,1023.06,0,0,0,12,,
2021-02-18,07:45,7.3,5,86,ESE,4.8,11.3,1023.33,0,0,0,21,,
2021-02-18,08:00,7.4,5,86,ESE,6.4,11.3,1023.2,0,0,0,114,,
2021-02-18,08:15,7.8,5.6,85,ESE,1.6,11.3,1023.5,0,0,0,162,,
2021-02-18,08:30,8.3,5.6,84,ESE,4.8,12.9,1023.47,0,0,0,213,,
2021-02-18,08:45,9.2,6.1,82,E,1.6,11.3,1023.5,0,0,0,255,,
2021-02-18,09:00,9.6,6.1,81,ESE,3.2,11.3,1023.67,0,0,1,302,,
2021-02-18,09:15,9.8,6.7,80,E,6.4,11.3,1023.57,0,0,1,348,,
2021-02-18,09:30,10.4,6.7,80,SE,4.8,12.9,1023.74,0,0,1,390,,
2021-02-18,09:45,10.2,6.7,81,ESE,12.9,20.9,1023.94,0,0,1,432,,
2021-02-18,10:00,10.4,7.2,82,SE,8,22.5,1023.98,0,0,2,471,,
2021-02-18,10:15,10.5,7.2,81,ESE,16.1,27.4,1023.98,0,0,2,504,,
2021-02-18,10:30,11.2,7.8,81,SSE,12.9,25.7,1023.81,0,0,2,540,,
2021-02-18,10:45,11.3,7.8,81,SE,6.4,22.5,1023.98,0,0,2,589,,
2021-02-18,11:00,11.4,8.3,82,SE,8,22.5,1024.11,0,0,3,527,,
2021-02-18,11:15,11.7,8.3,81,ESE,14.5,24.1,1024.08,0,0,3,617,,
2021-02-18,11:30,11.8,8.3,80,E,9.7,22.5,1023.91,0,0,3,636,,
2021-02-18,11:45,12.3,8.9,80,ESE,12.9,24.1,1023.43,0,0,3,652,,
2021-02-18,12:00,12.8,8.9,79,SE,6.4,19.3,1023.4,0,0,3,666,,
2021-02-18,12:15,12.8,8.9,78,SE,8,20.9,1023.16,0,0,3,668,,
2021-02-18,12:30,13,8.9,76,ESE,14.5,25.7,1023.4,0,0,3,671,,
2021-02-18,12:45,13.2,8.9,77,ESE,17.7,24.1,1023.13,0,0,3,663,,
2021-02-18,13:00,13.9,9.4,76,ESE,11.3,22.5,1023.3,0,0,3,654,,
2021-02-18,13:15,13.6,8.9,75,ESE,19.3,22.5,1023.1,0,0,3,649,,
2021-02-18,13:30,13.7,9.4,76,SE,12.9,24.1,1022.82,0,0,3,622,,
2021-02-18,13:45,13.8,9.4,76,SSE,9.7,24.1,1022.89,0,0,3,606,,
2021-02-18,14:00,13.9,10,77,SE,24.1,27.4,1022.72,0,0,3,587,,
2021-02-18,14:15,13.6,9.4,76,ESE,11.3,24.1,1022.62,0,0,2,541,,
2021-02-18,14:30,13.5,9.4,76,ESE,14.5,25.7,1022.49,0,0,2,524,,
2021-02-18,14:45,13.4,9.4,77,ESE,12.9,29,1022.35,0,0,2,501,,
2021-02-18,15:00,13.5,9.4,78,SE,11.3,29,1022.05,0,0,2,454,,
2021-02-18,15:15,13.6,9.4,77,ESE,16.1,27.4,1022.18,0,0,2,455,,
2021-02-18,15:30,13.6,9.4,77,ESE,6.4,22.5,1022.35,0,0,1,417,,
2021-02-18,15:45,13.3,9.4,77,SE,16.1,29,1022.28,0,0,1,369,,
2021-02-18,16:00,12.9,8.9,78,SE,12.9,27.4,1022.18,0,0,1,323,,
2021-02-18,16:15,13.1,9.4,78,SE,19.3,27.4,1022.35,0,0,1,278,,
2021-02-18,16:30,12.4,8.9,78,SE,22.5,29,1022.49,0,0,1,223,,
2021-02-18,16:45,12.1,8.3,79,SE,16.1,29,1022.59,0,0,0,142,,
2021-02-18,17:00,11.9,8.3,80,ESE,14.5,27.4,1022.69,0,0,0,88,,
2021-02-18,17:15,11.6,8.3,81,SE,14.5,25.7,1022.69,0,0,0,23,,
2021-02-18,17:30,11.2,7.8,81,SE,19.3,29,1022.69,0,0,0,19,,
2021-02-18,17:45,10.8,7.8,83,SE,19.3,25.7,1022.66,0,0,0,12,,
2021-02-18,18:00,10.3,7.8,84,ESE,12.9,27.4,1022.62,0,0,0,0,,
2021-02-18,18:15,10,7.2,85,SE,22.5,29,1022.66,0,0,0,0,,
2021-02-18,18:30,9.8,7.2,86,SE,17.7,29,1022.59,0,0,0,0,,
2021-02-18,18:45,9.6,7.2,86,SE,16.1,29,1022.96,0,0,0,0,,
2021-02-18,19:00,9.6,7.2,86,SE,14.5,29,1023.03,0,0,0,0,,
2021-02-18,19:15,9.6,7.2,86,ESE,16.1,25.7,1023.06,0,0,0,0,,
2021-02-18,19:30,9.5,7.2,86,ESE,17.7,29,1023.06,0,0,0,0,,
2021-02-18,19:45,9.4,7.2,86,ESE,11.3,27.4,1023.43,0,0,0,0,,
2021-02-18,20:00,9.3,7.2,86,SE,12.9,27.4,1023.3,0,0,0,0,,
2021-02-18,20:15,9.3,7.2,86,E,24.1,25.7,1023.06,0,0,0,0,,
2021-02-18,20:30,9.3,7.2,87,SE,20.9,27.4,1023.16,0,0,0,0,,
2021-02-18,20:45,9.2,7.2,87,ESE,25.7,29,1023.2,0,0,0,0,,
2021-02-18,21:00,9,6.7,88,ESE,20.9,25.7,1023.3,0,0,0,0,,
2021-02-18,21:15,9.1,6.7,87,ESE,14.5,30.6,1023.43,0,0,0,0,,
2021-02-18,21:30,8.9,6.7,88,ESE,16.1,24.1,1023.33,0,0,0,0,,
2021-02-18,21:45,8.9,6.7,87,SE,19.3,24.1,1023.27,0,0,0,0,,
2021-02-18,22:00,8.9,6.7,87,E,12.9,27.4,1023.3,0,0,0,0,,
2021-02-18,22:15,8.9,6.7,88,SE,16.1,27.4,1023.27,0,0,0,0,,
2021-02-18,22:30,8.9,6.7,87,SE,16.1,27.4,1023.74,0,0,0,0,,
2021-02-18,22:45,8.6,6.7,88,ESE,11.3,14.5,1023.71,0,0,0,0,,
2021-02-18,23:00,8.9,6.7,88,SE,27.4,30.6,1023.71,0,0,0,0,,
2021-02-18,23:15,8.9,6.7,88,ESE,17.7,29,1023.6,0,0,0,0,,
2021-02-18,23:30,9,6.7,88,SE,19.3,32.2,1023.84,0,0,0,0,,
2021-02-18,23:45,8.7,6.7,88,ESE,6.4,19.3,1023.98,0,0,0,0,,
2021-02-18,OVR,,,,,,,,,,,,gustmax,33.8
2021-02-18,OVR,,,,,,,,,,,,rainrate_max,0
2021-02-18,OVR,,,,,,,,,,,,rain_total_mm,0
2021-02-18,OVR,,,,,,,,,,,,tmax,14.1
2021-02-18,OVR,,,,,,,,,,,,tmin,6.5
2021-02-18,OVR,,,,,,,,,,,,wind_dir_mean_deg,238
2021-02-19,00:00,8.4,6.7,89,SSE,12.9,17.7,1023.77,0,0,0,0,,
2021-02-19,00:15,8.7,6.7,89,ESE,9.7,24.1,1023.91,0,0,0,0,,
2021-02-19,00:30,8.3,6.7,89,ESE,9.7,14.5,1023.94,0,0,0,0,,
2021-02-19,00:45,8.7,6.7,88,ESE,17.7,22.5,1023.5,0,0,0,0,,
2021-02-19,01:00,8.4,6.1,87,ESE,9.7,20.9,1023.5,0,0,0,0,,
2021-02-19,01:15,7.8,5.6,88,ESE,9.7,14.5,1023.54,0,0,0,0,,
2021-02-19,01:30,7.4,5.6,89,ESE,9.7,12.9,1023.43,0,0,0,0,,
2021-02-19,01:45,7.3,5.6,89,ESE,4.8,9.7,1023.43,0,0,0,0,,
2021-02-19,02:00,7.4,5.6,89,ESE,9.7,12.9,1023.57,0,0,0,0,,
2021-02-19,02:15,7.6,5.6,88,ESE,9.7,14.5,1023.33,0,0,0,0,,
2021-02-19,02:30,7.8,5.6,88,ESE,11.3,14.5,1023.2,0,0,0,0,,
2021-02-19,02:45,7.8,5.6,87,ESE,11.3,14.5,1023.3,0,0,0,0,,
2021-02-19,03:00,7.9,5.6,88,ESE,9.7,20.9,1023.23,0,0,0,0,,
2021-02-19,03:15,7.6,5.6,88,E,4.8,14.5,1023.16,0,0,0,0,,
2021-02-19,03:30,7.6,5.6,89,SE,11.3,17.7,1022.86,0,0,0,0,,
2021-02-19,03:45,7.7,5.6,88,SE,11.3,16.1,1022.96,0,0,0,0,,
2021-02-19,04:00,7.8,5.6,87,E,9.7,16.1,1022.99,0,0,0,0,,
2021-02-19,04:15,7.8,5.6,87,ESE,6.4,16.1,1022.89,0,0,0,0,,
2021-02-19,04:30,7.8,5.6,87,SE,12.9,14.5,1022.93,0,0,0,0,,
2021-02-19,04:45,7.7,5.6,87,SE,6.4,14.5,1022.99,0,0,0,0,,
2021-02-19,05:00,7.6,5.6,88,ESE,4.8,16.1,1023.06,0,0,0,0,,
2021-02-19,05:15,7.7,5.6,89,ESE,11.3,16.1,1022.96,0,0,0,0,,
2021-02-19,05:30,7.6,5.6,88,ESE,16.1,12.9,1023.16,0,0,0,0,,
2021-02-19,05:45,7.6,5.6,88,ESE,6.4,14.5,1023.16,0,0,0,0,,
2021-02-19,06:00,7.6,5.6,88,ESE,4.8,12.9,1023.16,0,0,0,0,,
2021-02-19,06:15,7.6,5.6,88,ESE,12.9,16.1,1023.23,0,0,0,0,,
2021-02-19,06:30,7.8,5.6,87,SE,11.3,14.5,1023.27,0,0,0,0,,
2021-02-19,06:45,7.9,5.6,88,ESE,11.3,12.9,1023.16,0,0,0,0,,
2021-02-19,07:00,7.7,5.6,88,ESE,14.5,17.7,1023.06,0,0,0,0,,
2021-02-19,07:15,7.8,6.1,89,ESE,11.3,20.9,1023.16,0,0,0,0,,
2021-02-19,07:30,7.7,5.6,88,ESE,4.8,16.1,1023.33,0,0,0,14,,
2021-02-19,07:45,7.6,5.6,88,ESE,6.4,17.7,1023.43,0,0,0,23,,
2021-02-19,08:00,7.9,6.1,88,ESE,9.7,17.7,1023.47,0,0,0,102,,
2021-02-19,08:15,8.4,6.1,86,SE,6.4,16.1,1023.74,0,0,0,156,,
2021-02-19,08:30,8.9,6.7,86,ESE,11.3,17.7,1023.91,0,0,0,221,,
2021-02-19,08:45,9.8,6.7,83,ESE,11.3,20.9,1024.31,0,0,0,267,,
2021-02-19,09:00,9.6,6.7,84,ESE,6.4,14.5,1024.55,0,0,1,301,,
2021-02-19,09:15,10.3,7.2,82,E,9.7,14.5,1024.48,0,0,1,327,,
2021-02-19,09:30,10.7,7.2,82,ESE,11.3,24.1,1024.45,0,0,1,369,,
2021-02-19,09:45,10.9,7.8,83,SE,9.7,29,1024.59,0,0,1,438,,
2021-02-19,10:00,11.1,7.8,82,SE,17.7,27.4,1024.45,0,0,2,490,,
2021-02-19,10:15,11.6,8.3,81,SE,16.1,25.7,1024.65,0,0,2,520,,
2021-02-19,10:30,11.8,8.3,82,ESE,17.7,24.1,1024.72,0,0,2,577,,
2021-02-19,10:45,12.1,8.3,79,E,12.9,24.1,1024.82,0,0,2,589,,
2021-02-19,11:00,12.4,8.3,78,SE,14.5,24.1,1024.65,0,0,2,615,,
2021-02-19,11:15,12.6,8.9,79,SE,14.5,25.7,1024.65,0,0,3,638,,
2021-02-19,11:30,13.1,8.9,76,ESE,11.3,25.7,1024.79,0,0,3,652,,
2021-02-19,11:45,13.3,8.3,74,ESE,17.7,24.1,1024.15,0,0,3,621,,
2021-02-19,12:00,13.7,8.9,74,SE,12.9,24.1,1024.28,0,0,3,624,,
2021-02-19,12:15,13.5,8.9,75,SE,14.5,25.7,1024.21,0,0,3,652,,
2021-02-19,12:30,13.9,9.4,74,SE,16.1,30.6,1024.15,0,0,3,680,,
2021-02-19,12:45,14.4,10.6,77,SE,12.9,25.7,1024.04,0,0,3,682,,
2021-02-19,13:00,14.6,10,75,ESE,20.9,27.4,1023.81,0,0,3,675,,
2021-02-19,13:15,14.7,10,76,ESE,19.3,27.4,1023.5,0,0,3,647,,
2021-02-19,13:30,14.6,10,76,E,17.7,30.6,1023.4,0,0,3,633,,
2021-02-19,13:45,14.7,10,76,SSE,14.5,30.6,1023.33,0,0,3,624,,
2021-02-19,14:00,14.9,10.6,75,E,25.7,30.6,1023.13,0,0,3,601,,
2021-02-19,14:15,14.8,10.6,77,ESE,19.3,30.6,1022.89,0,0,2,587,,
2021-02-19,14:30,14.5,10,77,SE,19.3,30.6,1022.89,0,0,2,555,,
2021-02-19,14:45,14.6,10.6,77,SE,11.3,32.2,1022.69,0,0,2,526,,
2021-02-19,15:00,14.7,10.6,76,SE,19.3,30.6,1022.69,0,0,2,494,,
2021-02-19,15:15,14.6,10.6,77,SE,14.5,27.4,1022.76,0,0,2,454,,
2021-02-19,15:30,14.4,10,77,E,14.5,27.4,1022.69,0,0,1,415,,
2021-02-19,15:45,14.2,10,77,SE,17.7,29,1022.93,0,0,1,367,,
2021-02-19,16:00,14.4,10.6,78,ESE,19.3,27.4,1022.69,0,0,1,327,,
2021-02-19,16:15,14.1,10,78,SE,16.1,24.1,1022.82,0,0,1,278,,
2021-02-19,16:30,13.8,10,79,SE,17.7,29,1022.96,0,0,0,223,,
2021-02-19,16:45,13.7,10,80,ESE,20.9,27.4,1022.82,0,0,0,165,,
2021-02-19,17:00,13.2,9.4,80,SE,12.9,29,1022.99,0,0,0,33,,
2021-02-19,17:15,12.9,9.4,81,SE,19.3,27.4,1022.79,0,0,0,26,,
2021-02-19,17:30,12.6,9.4,83,SE,14.5,27.4,1022.93,0,0,0,21,,
2021-02-19,17:45,12.1,9.4,84,SE,11.3,27.4,1023.27,0,0,0,14,,
2021-02-19,18:00,11.7,9.4,86,ESE,17.7,24.1,1023.16,0,0,0,0,,
2021-02-19,18:15,11.2,8.9,87,SE,17.7,25.7,1023.33,0,0,0,0,,
2021-02-19,18:30,11,8.9,89,SE,17.7,25.7,1023.23,0,0,0,0,,
2021-02-19,18:45,11,8.9,89,SE,16.1,27.4,1023.4,0,0,0,0,,
2021-02-19,19:00,10.9,8.9,89,SE,14.5,24.1,1023.54,0,0,0,0,,
2021-02-19,19:15,10.9,8.9,89,E,14.5,24.1,1023.81,0,0,0,0,,
2021-02-19,19:30,10.9,8.9,89,E,19.3,25.7,1023.94,0,0,0,0,,
2021-02-19,19:45,11.1,8.9,89,ESE,17.7,24.1,1023.81,0,0,0,0,,
2021-02-19,20:00,10.9,8.9,88,SE,6.4,22.5,1023.98,0,0,0,0,,
2021-02-19,20:15,10.6,8.9,90,SE,16.1,17.7,1023.81,0,0,0,0,,
2021-02-19,20:30,10.2,8.3,90,ESE,9.7,12.9,1024.18,0,0,0,0,,
2021-02-19,20:45,9.9,8.3,91,SE,3.2,12.9,1023.98,0,0,0,0,,
2021-02-19,21:00,9.9,8.3,89,SE,3.2,12.9,1024.08,0,0,0,0,,
2021-02-19,21:15,9.8,7.8,88,ESE,9.7,8,1023.98,0,0,0,0,,
2021-02-19,21:30,9.8,7.8,87,ESE,11.3,14.5,1024.04,0,0,0,0,,
2021-02-19,21:45,9.8,7.8,87,ESE,9.7,17.7,1023.81,0,0,0,0,,
2021-02-19,22:00,9.6,7.2,87,ESE,4.8,16.1,1024.01,0,0,0,0,,
2021-02-19,22:15,9.8,7.2,86,ESE,9.7,17.7,1023.91,0,0,0,0,,
2021-02-19,22:30,9.8,7.2,86,ESE,9.7,14.5,1023.87,0,0,0,0,,
2021-02-19,22:45,9.8,7.2,86,ESE,6.4,14.5,1023.87,0,0,0,0,,
2021-02-19,23:00,9.8,7.2,86,ESE,9.7,17.7,1023.81,0,0,0,0,,
2021-02-19,23:15,9.8,7.2,86,ESE,6.4,16.1,1023.74,0,0,0,0,,
2021-02-19,23:30,9.6,7.2,86,ESE,6.4,12.9,1023.84,0,0,0,0,,
2021-02-19,23:45,9.7,7.2,87,ESE,6.4,12.9,1023.94,0,0,0,0,,
2021-02-19,OVR,,,,,,,,,,,,gustmax,32.2
2021-02-19,OVR,,,,,,,,,,,,rainrate_max,0
2021-02-19,OVR,,,,,,,,,,,,rain_total_mm,0
2021-02-19,OVR,,,,,,,,,,,,tmax,15.1
2021-02-19,OVR,,,,,,,,,,,,tmin,7.2
2021-02-19,OVR,,,,,,,,,,,,wind_dir_mean_deg,240
2021-02-20,00:00,9.8,7.2,86,E,9.7,12.9,1023.84,0,0,0,0,,
2021-02-20,00:15,9.6,7.2,87,ESE,3.2,11.3,1023.81,0,0,0,0,,
2021-02-20,00:30,9.6,7.2,87,ESE,4.8,12.9,1023.87,0,0,0,0,,
2021-02-20,00:45,9.5,7.2,87,ESE,4.8,12.9,1023.81,0,0,0,0,,
2021-02-20,01:00,9.4,7.2,87,E,6.4,12.9,1023.77,0,0,0,0,,
2021-02-20,01:15,9.3,7.2,87,ESE,4.8,11.3,1023.81,0,0,0,0,,
2021-02-20,01:30,9.4,7.2,87,ESE,4.8,12.9,1023.71,0,0,0,0,,
2021-02-20,01:45,9.6,7.2,87,ESE,4.8,16.1,1023.71,0,0,0,0,,
2021-02-20,02:00,9.4,7.2,87,ESE,6.4,12.9,1023.6,0,0,0,0,,
2021-02-20,02:15,9.6,7.2,88,ESE,9.7,16.1,1023.47,0,0,0,0,,
2021-02-20,02:30,9.6,7.2,87,ESE,3.2,11.3,1023.6,0,0,0,0,,
2021-02-20,02:45,9.5,7.2,87,E,11.3,16.1,1023.43,0,0,0,0,,
2021-02-20,03:00,9.7,7.2,87,ESE,9.7,17.7,1023.37,0,0,0,0,,
2021-02-20,03:15,9.4,7.2,87,E,3.2,14.5,1023.1,0,0,0,0,,
2021-02-20,03:30,9.3,7.2,88,E,6.4,11.3,1023.16,0,0,0,0,,
2021-02-20,03:45,9.2,7.2,88,E,4.8,14.5,1023.03,0,0,0,0,,
2021-02-20,04:00,9.1,7.2,88,E,4.8,11.3,1022.99,0,0,0,0,,
2021-02-20,04:15,9.2,7.2,88,ESE,4.8,14.5,1022.89,0,0,0,0,,
2021-02-20,04:30,9.3,7.2,88,ESE,11.3,17.7,1023.06,0,0,0,0,,
2021-02-20,04:45,9.3,7.2,87,E,9.7,14.5,1023.06,0,0,0,0,,
2021-02-20,05:00,9.2,7.2,87,SE,12.9,17.7,1022.89,0,0,0,0,,
2021-02-20,05:15,9.2,7.2,88,E,9.7,16.1,1022.93,0,0,0,0,,
2021-02-20,05:30,9.3,7.2,88,E,9.7,19.3,1023.06,0,0,0,0,,
2021-02-20,05:45,9.1,7.2,88,E,6.4,17.7,1023.06,0,0,0,0,,
2021-02-20,06:00,9.3,7.2,87,E,11.3,20.9,1022.93,0,0,0,0,,
2021-02-20,06:15,9.3,7.2,87,E,11.3,22.5,1023.06,0,0,0,0,,
2021-02-20,06:30,9.3,7.2,86,E,16.1,22.5,1022.99,0,0,0,0,,
2021-02-20,06:45,9.1,6.7,87,ESE,22.5,20.9,1023.06,0,0,0,0,,
2021-02-20,07:00,9.1,6.7,86,SE,11.3,17.7,1023.2,0,0,0,0,,
2021-02-20,07:15,9.2,6.7,86,SE,14.5,19.3,1023.43,0,0,0,0,,
2021-02-20,07:30,9.3,6.7,86,ESE,8,17.7,1023.43,0,0,0,16,,
2021-02-20,07:45,9.5,7.2,86,ESE,14.5,20.9,1023.5,0,0,0,46,,
2021-02-20,08:00,9.7,7.2,85,ESE,14.5,19.3,1023.54,0,0,0,97,,
2021-02-20,08:15,10.1,7.2,84,ESE,17.7,24.1,1023.6,0,0,0,153,,
2021-02-20,08:30,10.4,7.8,83,E,14.5,24.1,1023.71,0,0,0,207,,
2021-02-20,08:45,10.8,7.8,83,ESE,12.9,22.5,1023.77,0,0,0,258,,
2021-02-20,09:00,11.1,7.8,82,ESE,6.4,22.5,1023.91,0,0,1,308,,
2021-02-20,09:15,11.5,8.3,82,ESE,11.3,19.3,1023.94,0,0,1,353,,
2021-02-20,09:30,11.7,8.3,80,ESE,17.7,20.9,1023.98,0,0,1,397,,
2021-02-20,09:45,12.1,8.3,79,ESE,16.1,24.1,1024.08,0,0,1,436,,
2021-02-20,10:00,12.4,8.3,79,SE,14.5,22.5,1023.84,0,0,2,471,,
2021-02-20,10:15,12.8,8.9,78,ESE,6.4,22.5,1024.08,0,0,2,504,,
2021-02-20,10:30,13.1,8.9,77,SE,8,25.7,1024.18,0,0,2,538,,
2021-02-20,10:45,13.3,8.9,76,E,12.9,22.5,1024.28,0,0,2,568,,
2021-02-20,11:00,13.8,9.4,76,SE,19.3,17.7,1024.15,0,0,2,596,,
2021-02-20,11:15,13.7,9.4,75,SE,16.1,24.1,1024.25,0,0,3,603,,
2021-02-20,11:30,14.2,10,76,ESE,12.9,14.5,1024.35,0,0,3,633,,
2021-02-20,11:45,14.1,10,78,ESE,6.4,20.9,1024.35,0,0,3,649,,
2021-02-20,12:00,14.6,10,76,E,14.5,19.3,1024.35,0,0,3,657,,
2021-02-20,12:15,14.4,10,74,ESE,9.7,25.7,1024.15,0,0,3,664,,
2021-02-20,12:30,15.1,10.6,76,SE,12.9,20.9,1024.08,0,0,3,673,,
2021-02-20,12:45,14.8,10,74,SE,8,22.5,1024.01,0,0,3,663,,
2021-02-20,13:00,14.9,10,73,SE,11.3,20.9,1023.84,0,0,3,661,,
2021-02-20,13:15,15.6,10.6,74,ESE,14.5,19.3,1023.57,0,0,3,645,,
2021-02-20,13:30,15.7,10,70,E,9.7,24.1,1023.47,0,0,3,636,,
2021-02-20,13:45,15.9,10.6,70,SE,6.4,17.7,1023.33,0,0,3,612,,
2021-02-20,14:00,15.9,10,69,ESE,16.1,27.4,1023.06,0,0,3,596,,
2021-02-20,14:15,16.3,10,67,ESE,9.7,22.5,1023.03,0,0,2,564,,
2021-02-20,14:30,16.1,10,69,ESE,12.9,24.1,1023.03,0,0,2,536,,
2021-02-20,14:45,16,11.1,73,SE,3.2,25.7,1022.93,0,0,2,504,,
2021-02-20,15:00,15.7,11.1,75,SE,12.9,22.5,1022.82,0,0,2,475,,
2021-02-20,15:15,15.5,11.1,77,SSE,6.4,24.1,1022.86,0,0,2,436,,
2021-02-20,15:30,15.3,11.1,77,ESE,14.5,24.1,1022.72,0,0,1,401,,
2021-02-20,15:45,15.3,11.1,77,SE,12.9,22.5,1022.82,0,0,1,359,,
2021-02-20,16:00,14.8,10.6,76,SE,16.1,20.9,1022.59,0,0,1,316,,
2021-02-20,16:15,14.8,10.6,76,ESE,12.9,22.5,1022.66,0,0,1,272,,
2021-02-20,16:30,14.3,10,77,ESE,19.3,22.5,1022.35,0,0,1,218,,
2021-02-20,16:45,14,10,78,ESE,11.3,20.9,1022.52,0,0,0,86,,
2021-02-20,17:00,13.8,10,78,SE,11.3,22.5,1022.72,0,0,0,53,,
2021-02-20,17:15,13.6,10,80,SE,12.9,27.4,1022.62,0,0,0,62,,
2021-02-20,17:30,13.2,8.9,76,ESE,19.3,24.1,1022.79,0,0,0,26,,
2021-02-20,17:45,12.7,8.3,77,SE,12.9,19.3,1022.66,0,0,0,16,,
2021-02-20,18:00,12.1,8.3,78,E,6.4,20.9,1022.76,0,0,0,7,,
2021-02-20,18:15,11.7,7.8,79,E,17.7,22.5,1022.76,0,0,0,0,,
2021-02-20,18:30,11.3,7.8,80,ESE,12.9,25.7,1022.82,0,0,0,0,,
2021-02-20,18:45,11.2,7.8,81,SE,6.4,24.1,1022.99,0,0,0,0,,
2021-02-20,19:00,10.9,7.8,81,E,11.3,14.5,1023.03,0,0,0,0,,
2021-02-20,19:15,10.8,7.8,82,ENE,3.2,19.3,1022.96,0,0,0,0,,
2021-02-20,19:30,10.8,7.8,82,SE,6.4,17.7,1022.89,0,0,0,0,,
2021-02-20,19:45,10.8,7.8,82,ESE,12.9,22.5,1022.99,0,0,0,0,,
2021-02-20,20:00,10.8,7.8,82,ESE,9.7,16.1,1022.99,0,0,0,0,,
2021-02-20,20:15,10.7,7.8,82,ESE,12.9,17.7,1022.99,0,0,0,0,,
2021-02-20,20:30,10.7,7.8,83,ESE,12.9,20.9,1023.1,0,0,0,0,,
2021-02-20,20:45,10.6,7.8,83,ESE,9.7,20.9,1023.2,0,0,0,0,,
2021-02-20,21:00,10.5,7.8,84,E,14.5,19.3,1023.1,0,0,0,0,,
2021-02-20,21:15,10.4,7.8,84,ESE,9.7,25.7,1023.2,0,0,0,0,,
2021-02-20,21:30,10.3,7.8,85,ENE,8,14.5,1023.4,0,0,0,0,,
2021-02-20,21:45,10.4,7.8,85,E,3.2,20.9,1023.37,0,0,0,0,,
2021-02-20,22:00,10.3,7.8,85,E,9.7,16.1,1023.5,0,0,0,0,,
2021-02-20,22:15,10.3,7.2,83,E,12.9,17.7,1023.37,0,0,0,0,,
2021-02-20,22:30,10.4,7.2,83,ESE,9.7,17.7,1023.54,0,0,0,0,,
2021-02-20,22:45,10.4,7.2,83,E,14.5,17.7,1023.6,0,0,0,0,,
2021-02-20,23:00,10.5,7.2,83,ESE,6.4,17.7,1023.43,0,0,0,0,,
2021-02-20,23:15,10.4,7.2,83,ESE,11.3,17.7,1023.37,0,0,0,0,,
2021-02-20,23:30,10.4,7.8,84,E,11.3,16.1,1023.27,0,0,0,0,,
2021-02-20,23:45,10.4,7.8,84,ESE,14.5,19.3,1023.27,0,0,0,0,,
2021-02-20,OVR,,,,,,,,,,,,gustmax,29
2021-02-20,OVR,,,,,,,,,,,,rainrate_max,0
2021-02-20,OVR,,,,,,,,,,,,rain_total_mm,0
2021-02-20,OVR,,,,,,,,,,,,tmax,16.5
2021-02-20,OVR,,,,,,,,,,,,tmin,9
2021-02-20,OVR,,,,,,,,,,,,wind_dir_mean_deg,249
2021-02-21,00:00,10.2,7.8,86,ESE,11.3,16.1,1023.2,0,0,0,0,,
2021-02-21,00:15,10.2,7.8,86,SE,8,17.7,1023.2,0,0,0,0,,
2021-02-21,00:30,10.3,7.8,86,ESE,11.3,16.1,1023.16,0,0,0,0,,
2021-02-21,00:45,10.4,7.8,86,E,12.9,20.9,1022.99,0,0,0,0,,
2021-02-21,01:00,10.4,7.8,86,ESE,12.9,19.3,1023.06,0,0,0,0,,
2021-02-21,01:15,10.5,8.3,86,E,11.3,19.3,1022.99,0,0,0,0,,
2021-02-21,01:30,10.4,7.8,86,E,11.3,20.9,1022.79,0,0,0,0,,
2021-02-21,01:45,10.4,7.8,86,ESE,16.1,20.9,1022.72,0,0,0,0,,
2021-02-21,02:00,10.3,7.8,86,ESE,14.5,24.1,1022.62,0,0,0,0,,
2021-02-21,02:15,10.3,7.8,86,ESE,14.5,25.7,1022.52,0,0,0,0,,
2021-02-21,02:30,10.2,7.8,86,E,8,25.7,1022.32,0,0,0,0,,
2021-02-21,02:45,10,7.8,86,SE,8,22.5,1022.25,0,0,0,0,,
2021-02-21,03:00,9.9,7.8,86,ESE,4.8,17.7,1021.91,0,0,0,0,,
2021-02-21,03:15,9.7,7.2,86,ENE,11.3,16.1,1021.74,0,0,0,0,,
2021-02-21,03:30,9.7,7.2,86,E,12.9,19.3,1021.57,0,0,0,0,,
2021-02-21,03:45,9.7,7.2,86,E,11.3,19.3,1021.47,0,0,0,0,,
2021-02-21,04:00,9.6,7.2,86,ESE,12.9,17.7,1021.37,0,0,0,0,,
2021-02-21,04:15,9.7,7.2,86,E,14.5,24.1,1021.23,0,0,0,0,,
2021-02-21,04:30,9.7,7.2,86,E,9.7,19.3,1021.54,0,0,0,0,,
2021-02-21,04:45,9.2,7.2,87,E,11.3,16.1,1021.33,0,0,0,0,,
2021-02-21,05:00,9.1,6.7,88,ENE,4.8,17.7,1021.33,0,0,0,0,,
2021-02-21,05:15,9.3,7.2,88,E,9.7,19.3,1021.13,0,0,0,0,,
2021-02-21,05:30,9.5,7.2,88,ESE,17.7,17.7,1021.13,0,0,0,0,,
2021-02-21,05:45,9.8,7.8,88,ESE,11.3,20.9,1021,0,0,0,0,,
2021-02-21,06:00,9.8,7.8,87,ESE,9.7,22.5,1021,0,0,0,0,,
2021-02-21,06:15,9.9,7.8,86,SE,12.9,22.5,1021.1,0,0,0,0,,
2021-02-21,06:30,9.7,7.2,86,ESE,14.5,25.7,1021.27,0,0,0,0,,
2021-02-21,06:45,9.8,7.2,86,E,16.1,25.7,1021.2,0,0,0,0,,
2021-02-21,07:00,9.9,7.2,85,ESE,16.1,22.5,1021.23,0,0,0,0,,
2021-02-21,07:15,9.8,7.2,86,ESE,4.8,20.9,1021.33,0,0,0,7,,
2021-02-21,07:30,9.9,7.8,87,ESE,6.4,19.3,1021.23,0,0,0,18,,
2021-02-21,07:45,10.1,7.8,86,ESE,12.9,25.7,1021.27,0,0,0,56,,
2021-02-21,08:00,10.7,7.8,83,ESE,12.9,25.7,1021.23,0,0,0,104,,
2021-02-21,08:15,10.9,7.8,82,E,20.9,29,1021.4,0,0,0,158,,
2021-02-21,08:30,11.3,8.3,82,ESE,32.2,40.2,1021.33,0,0,0,211,,
2021-02-21,08:45,11.7,8.3,82,ESE,22.5,43.5,1021.57,0,0,1,258,,
2021-02-21,09:00,12,8.9,81,E,11.3,30.6,1021.78,0,0,1,309,,
2021-02-21,09:15,12.4,8.9,80,ESE,27.4,32.2,1021.84,0,0,1,359,,
2021-02-21,09:30,12.8,8.9,79,ESE,6.4,32.2,1022.01,0,0,1,406,,
2021-02-21,09:45,13.1,9.4,79,SE,17.7,25.7,1022.18,0,0,2,446,,
2021-02-21,10:00,13.5,9.4,76,ESE,17.7,30.6,1022.08,0,0,2,483,,
2021-02-21,10:15,13.7,8.9,75,E,6.4,30.6,1022.05,0,0,2,510,,
2021-02-21,10:30,14,9.4,74,ESE,19.3,29,1022.11,0,0,2,557,,
2021-02-21,10:45,14.2,9.4,74,E,17.7,30.6,1021.94,0,0,2,584,,
2021-02-21,11:00,14.6,9.4,72,ESE,20.9,29,1022.08,0,0,3,613,,
2021-02-21,11:15,14.7,8.9,70,ESE,19.3,40.2,1022.18,0,0,3,640,,
2021-02-21,11:30,14.9,9.4,70,SSE,6.4,30.6,1022.25,0,0,3,680,,
2021-02-21,11:45,14.9,8.9,67,SE,19.3,27.4,1022.28,0,0,3,673,,
2021-02-21,12:00,15.2,9.4,68,ENE,9.7,29,1022.22,0,0,3,680,,
2021-02-21,12:15,15.8,9.4,66,ESE,16.1,30.6,1021.88,0,0,3,689,,
2021-02-21,12:30,15.6,9.4,67,E,22.5,33.8,1021.81,0,0,4,693,,
2021-02-21,12:45,15.7,9.4,67,ESE,20.9,32.2,1021.47,0,0,4,693,,
2021-02-21,13:00,15.7,9.4,68,SE,20.9,32.2,1021.13,0,0,3,684,,
2021-02-21,13:15,15.7,9.4,67,ESE,16.1,40.2,1021.06,0,0,3,673,,
2021-02-21,13:30,15.7,9.4,68,ESE,12.9,40.2,1020.79,0,0,3,661,,
2021-02-21,13:45,15.7,9.4,66,SE,22.5,41.8,1020.56,0,0,3,638,,
2021-02-21,14:00,15.8,8.9,65,S,19.3,38.6,1020.39,0,0,3,613,,
2021-02-21,14:15,15.8,9.4,66,ESE,24.1,41.8,1020.52,0,0,3,589,,
2021-02-21,14:30,16,9.4,65,ESE,20.9,35.4,1020.59,0,0,3,561,,
2021-02-21,14:45,15.8,9.4,66,E,12.9,37,1020.49,0,0,2,533,,
2021-02-21,15:00,15.7,9.4,66,ESE,16.1,30.6,1020.32,0,0,2,496,,
2021-02-21,15:15,15.6,9.4,67,ESE,14.5,35.4,1020.45,0,0,2,455,,
2021-02-21,15:30,15.3,8.9,66,E,25.7,40.2,1020.25,0,0,2,408,,
2021-02-21,15:45,15.1,8.9,67,ESE,19.3,43.5,1020.32,0,0,1,369,,
2021-02-21,16:00,14.9,8.9,67,ESE,16.1,32.2,1020.42,0,0,1,327,,
2021-02-21,16:15,14.7,8.9,69,E,12.9,37,1020.42,0,0,1,283,,
2021-02-21,16:30,14.4,8.9,70,E,16.1,38.6,1020.66,0,0,1,230,,
2021-02-21,16:45,13.9,8.9,72,ENE,16.1,30.6,1020.62,0,0,0,72,,
2021-02-21,17:00,13.7,8.9,73,ENE,14.5,32.2,1020.39,0,0,0,47,,
2021-02-21,17:15,13.3,8.9,75,E,4.8,32.2,1020.42,0,0,0,39,,
2021-02-21,17:30,13,8.9,76,E,9.7,29,1020.56,0,0,0,30,,
2021-02-21,17:45,12.7,8.9,77,ENE,16.1,20.9,1020.45,0,0,0,21,,
2021-02-21,18:00,12.4,8.3,78,E,24.1,29,1020.42,0,0,0,7,,
2021-02-21,18:15,12.2,8.3,79,ESE,20.9,24.1,1020.49,0,0,0,0,,
2021-02-21,18:30,12.1,8.3,79,ESE,12.9,27.4,1020.89,0,0,0,0,,
2021-02-21,18:45,12.1,8.3,80,E,12.9,38.6,1020.86,0,0,0,0,,
2021-02-21,19:00,12.1,8.3,79,ENE,14.5,35.4,1020.86,0,0,0,0,,
2021-02-21,19:15,11.9,8.3,80,ENE,16.1,37,1021.2,0,0,0,0,,
2021-02-21,19:30,11.8,8.3,81,ESE,20.9,35.4,1021.13,0,0,0,0,,
2021-02-21,19:45,11.8,8.3,81,E,24.1,32.2,1021.44,0,0,0,0,,
2021-02-21,20:00,11.7,8.3,80,S,17.7,25.7,1021.5,0,0,0,0,,
2021-02-21,20:15,11.6,8.3,80,ESE,14.5,22.5,1021.4,0,0,0,0,,
2021-02-21,20:30,11.5,8.3,80,ESE,9.7,22.5,1021.37,0,0,0,0,,
2021-02-21,20:45,11.7,8.3,81,ENE,12.9,29,1021.57,0,0,0,0,,
2021-02-21,21:00,11.6,8.3,80,ESE,17.7,25.7,1021.47,0,0,0,0,,
2021-02-21,21:15,11.7,8.3,80,SE,11.3,29,1021.67,0,0,0,0,,
2021-02-21,21:30,11.6,8.3,81,ESE,14.5,25.7,1021.84,0,0,0,0,,
2021-02-21,21:45,11.6,8.3,81,SE,12.9,25.7,1021.57,0,0,0,0,,
2021-02-21,22:00,11.3,8.3,82,SE,16.1,25.7,1021.74,0,0,0,0,,
2021-02-21,22:15,11.4,8.3,82,SE,19.3,27.4,1021.54,0,0,0,0,,
2021-02-21,22:30,11.4,8.3,82,ESE,24.1,32.2,1021.81,0,0,0,0,,
2021-02-21,22:45,11.4,8.3,82,ESE,12.9,30.6,1021.91,0,0,0,0,,
2021-02-21,23:00,11.4,8.3,82,ESE,24.1,30.6,1021.81,0,0,0,0,,
2021-02-21,23:15,11.4,8.3,82,ESE,17.7,30.6,1021.84,0,0,0,0,,
2021-02-21,23:30,11.4,8.3,82,SSE,16.1,24.1,1022.38,0,0,0,0,,
2021-02-21,23:45,11.6,8.3,81,SE,8,29,1022.49,0,0,0,0,,
2021-02-21,OVR,,,,,,,,,,,,gustmax,43.5
2021-02-21,OVR,,,,,,,,,,,,rainrate_max,0
2021-02-21,OVR,,,,,,,,,,,,rain_total_mm,0
2021-02-21,OVR,,,,,,,,,,,,tmax,16.1
2021-02-21,OVR,,,,,,,,,,,,tmin,9.1
2021-02-21,OVR,,,,,,,,,,,,wind_dir_mean_deg,252
2021-02-22,00:00,11.6,8.3,81,ESE,16.1,22.5,1022.62,0,0,0,0,,
2021-02-22,00:15,11.7,8.3,81,ESE,14.5,24.1,1022.76,0,0,0,0,,
2021-02-22,00:30,11.4,8.3,83,ESE,17.7,24.1,1022.76,0,0,0,0,,
2021-02-22,00:45,11.3,8.3,84,ESE,12.9,19.3,1022.32,0,0,0,0,,
2021-02-22,01:00,11.4,8.3,84,SE,20.9,22.5,1022.55,0,0,0,0,,
2021-02-22,01:15,11.4,8.3,83,ESE,14.5,25.7,1022.72,0,0,0,0,,
2021-02-22,01:30,11.6,8.3,83,SE,16.1,29,1022.93,0,0,0,0,,
2021-02-22,01:45,11.8,8.9,84,ESE,11.3,30.6,1023.03,0,0,0,0,,
2021-02-22,02:00,11.8,8.9,84,ESE,14.5,30.6,1022.82,0,0,0,0,,
2021-02-22,02:15,11.7,8.9,85,ESE,11.3,24.1,1022.59,0,0,0,0,,
2021-02-22,02:30,11.7,8.9,85,ESE,12.9,32.2,1022.59,0,0,0,0,,
2021-02-22,02:45,11.8,8.9,85,ESE,11.3,30.6,1022.25,0,0,0,0,,
2021-02-22,03:00,11.8,8.9,84,ESE,17.7,29,1022.01,0,0,0,0,,
2021-02-22,03:15,11.5,8.9,84,E,11.3,24.1,1021.91,0,0,0,0,,
2021-02-22,03:30,11.7,8.9,82,ESE,14.5,25.7,1022.05,0,0,0,0,,
2021-02-22,03:45,11.8,8.9,82,SE,14.5,32.2,1022.22,0,0,0,0,,
2021-02-22,04:00,11.8,8.9,82,SE,16.1,29,1022.25,0,0,0,0,,
2021-02-22,04:15,11.8,8.9,82,SE,29,27.4,1022.32,0,0,0,0,,
2021-02-22,04:30,12.1,9.4,83,ESE,12.9,45.1,1022.28,0,0,0,0,,
2021-02-22,04:45,12,8.9,84,ESE,14.5,27.4,1022.72,0,0,0,0,,
2021-02-22,05:00,11.9,9.4,84,SE,19.3,20.9,1022.89,0,0,0,0,,
2021-02-22,05:15,12.1,9.4,84,ESE,12.9,29,1022.93,0,0,0,0,,
2021-02-22,05:30,12.1,9.4,84,ESE,27.4,29,1022.66,0,0,0,0,,
2021-02-22,05:45,12.2,9.4,83,ESE,14.5,32.2,1022.82,0,0,0,0,,
2021-02-22,06:00,12.2,9.4,83,SE,12.9,29,1022.99,0,0,0,0,,
2021-02-22,06:15,11.9,8.9,83,ESE,11.3,19.3,1023.03,0,0,0,0,,
2021-02-22,06:30,11.8,8.9,83,ESE,14.5,22.5,1022.99,0,0,0,0,,
2021-02-22,06:45,11.9,8.9,82,ESE,11.3,27.4,1023.03,0,0,0,0,,
2021-02-22,07:00,11.9,8.9,82,ESE,11.3,22.5,1023.57,0,0,0,0,,
2021-02-22,07:15,11.9,8.9,82,E,11.3,24.1,1023.47,0,0,0,0,,
2021-02-22,07:30,11.8,8.9,84,E,14.5,22.5,1023.84,0,0,0,16,,
2021-02-22,07:45,12,8.9,83,ESE,11.3,22.5,1023.87,0,0,0,35,,
2021-02-22,08:00,12.2,8.9,83,SE,14.5,24.1,1024.11,0,0,0,56,,
2021-02-22,08:15,12.2,9.4,83,SE,14.5,20.9,1024.15,0,0,0,90,,
2021-02-22,08:30,12.3,9.4,82,SSE,11.3,22.5,1024.25,0,0,0,91,,
2021-02-22,08:45,12.4,9.4,82,SSE,12.9,20.9,1024.48,0,0,0,120,,
2021-02-22,09:00,12.7,9.4,81,ESE,12.9,16.1,1024.62,0,0,0,200,,
2021-02-22,09:15,12.9,9.4,81,SE,11.3,24.1,1024.72,0,0,1,236,,
2021-02-22,09:30,13.5,10,79,ESE,20.9,19.3,1024.62,0,0,1,311,,
2021-02-22,09:45,13.8,10,79,SE,6.4,22.5,1024.76,0,0,1,376,,
2021-02-22,10:00,14.1,10,77,SE,22.5,27.4,1024.72,0,0,1,406,,
2021-02-22,10:15,14.1,10,79,ESE,19.3,29,1024.65,0,0,1,332,,
2021-02-22,10:30,14.1,10,78,ESE,17.7,29,1024.62,0,0,1,221,,
2021-02-22,10:45,14.3,10.6,79,E,16.1,29,1024.92,0,0,1,220,,
2021-02-22,11:00,14.2,10.6,78,ESE,19.3,35.4,1024.92,0,0,1,239,,
2021-02-22,11:15,14.4,10.6,78,ESE,29,40.2,1024.92,0,0,2,367,,
2021-02-22,11:30,14.8,10.6,76,ESE,25.7,43.5,1025.03,0,0,2,427,,
2021-02-22,11:45,14.7,10.6,77,SSE,16.1,41.8,1024.96,0,0,2,388,,
2021-02-22,12:00,14.7,10.6,77,SE,29,40.2,1024.96,0,0,2,411,,
2021-02-22,12:15,14.6,10.6,77,ESE,24.1,45.1,1024.92,0,0,2,441,,
2021-02-22,12:30,14.6,10.6,77,SE,24.1,49.9,1024.72,0,0,2,376,,
2021-02-22,12:45,14.9,10,74,SE,25.7,41.8,1024.65,0,0,2,536,,
2021-02-22,13:00,14.6,10,75,SE,32.2,49.9,1023.91,0,0,2,309,,
2021-02-22,13:15,14.4,10,76,SE,27.4,56.3,1024.35,0,0,2,264,,
2021-02-22,13:30,14.2,10,77,ESE,20.9,49.9,1024.35,0,0,1,267,,
2021-02-22,13:45,14.3,10,76,SE,35.4,53.1,1024.04,0,0,1,279,,
2021-02-22,14:00,14.3,10,76,ESE,19.3,56.3,1024.18,0,0,1,232,,
2021-02-22,14:15,14.5,10,75,ESE,30.6,49.9,1024.21,0,0,1,287,,
2021-02-22,14:30,14.6,10,75,SE,33.8,48.3,1024.25,0,0,1,276,,
2021-02-22,14:45,14.5,10,74,ESE,38.6,49.9,1024.25,0,0,1,308,,
2021-02-22,15:00,14.5,10,75,ESE,24.1,43.5,1024.52,0,0,1,218,,
2021-02-22,15:15,14.3,10,76,SE,40.2,48.3,1024.35,0,0,1,162,,
2021-02-22,15:30,14.2,10,76,SE,19.3,45.1,1024.89,0,0,1,156,,
2021-02-22,15:45,14.1,10,77,ESE,17.7,40.2,1024.92,0,0,0,134,,
2021-02-22,16:00,14,10,78,ESE,25.7,40.2,1025.5,0,0,0,109,,
2021-02-22,16:15,13.8,10.6,80,ESE,29,35.4,1025.33,0,0,0,84,,
2021-02-22,16:30,13.7,10,80,ESE,22.5,38.6,1025.26,0,0,0,76,,
2021-02-22,16:45,13.7,10,81,ESE,17.7,37,1025.43,0,0,0,54,,
2021-02-22,17:00,13.6,10,80,ESE,12.9,32.2,1025.8,0,0,0,37,,
2021-02-22,17:15,13.5,10,81,ESE,19.3,29,1025.84,0,0,0,26,,
2021-02-22,17:30,13.4,10,81,ESE,20.9,27.4,1026.04,0,0,0,16,,
2021-02-22,17:45,13.3,10,82,ESE,4.8,25.7,1026.41,0,0,0,7,,
2021-02-22,18:00,13.1,10,83,ESE,14.5,22.5,1026.52,0,0,0,0,,
2021-02-22,18:15,12.9,10,83,ESE,16.1,20.9,1026.69,0,0,0,0,,
2021-02-22,18:30,12.8,9.4,82,ESE,4.8,17.7,1026.89,0,0,0,0,,
2021-02-22,18:45,12.7,9.4,82,ESE,14.5,24.1,1027.09,0,0,0,0,,
2021-02-22,19:00,12.4,9.4,82,ESE,9.7,19.3,1027.29,0,0,0,0,,
2021-02-22,19:15,12.3,9.4,82,ESE,11.3,20.9,1027.7,0,0,0,0,,
2021-02-22,19:30,12.2,9.4,83,ESE,9.7,20.9,1027.7,0,0,0,0,,
2021-02-22,19:45,12.2,8.9,82,ESE,16.1,22.5,1027.87,0,0,0,0,,
2021-02-22,20:00,12.1,8.9,82,E,14.5,24.1,1027.8,0,0,0,0,,
2021-02-22,20:15,11.9,8.9,82,ESE,9.7,22.5,1028.04,0,0,0,0,,
2021-02-22,20:30,11.8,8.9,82,ESE,16.1,20.9,1028.24,0,0,0,0,,
2021-02-22,20:45,11.9,8.9,83,ESE,11.3,20.9,1028.28,0,0,0,0,,
2021-02-22,21:00,12,8.9,83,ESE,14.5,25.7,1028.51,0,0,0,0,,
2021-02-22,21:15,11.9,8.9,83,SE,16.1,22.5,1028.48,0,0,0,0,,
2021-02-22,21:30,11.9,8.9,83,ESE,14.5,25.7,1028.75,0,0,0,0,,
2021-02-22,21:45,11.9,8.9,83,ESE,8,25.7,1028.89,0,0,0,0,,
2021-02-22,22:00,11.8,8.9,83,ESE,17.7,22.5,1028.99,0,0,0,0,,
2021-02-22,22:15,12.1,8.9,82,ESE,12.9,24.1,1029.12,0,0,0,0,,
2021-02-22,22:30,12,8.9,82,SE,11.3,22.5,1029.29,0,0,0,0,,
2021-02-22,22:45,11.8,8.9,84,E,16.1,20.9,1029.43,0,0,0,0,,
2021-02-22,23:00,11.8,8.9,84,E,9.7,19.3,1029.67,0,0,0,0,,
2021-02-22,23:15,11.7,8.9,84,ESE,11.3,19.3,1029.67,0,0,0,0,,
2021-02-22,23:30,11.7,8.9,83,ESE,8,20.9,1029.87,0,0,0,0,,
2021-02-22,23:45,11.7,8.3,82,ESE,12.9,14.5,1029.83,0,0,0,0,,
2021-02-22,OVR,,,,,,,,,,,,gustmax,56.3
2021-02-22,OVR,,,,,,,,,,,,rainrate_max,0
2021-02-22,OVR,,,,,,,,,,,,rain_total_mm,0
2021-02-22,OVR,,,,,,,,,,,,tmax,15
2021-02-22,OVR,,,,,,,,,,,,tmin,11.3
2021-02-22,OVR,,,,,,,,,,,,wind_dir_mean_deg,241
2021-02-23,00:00,11.8,8.3,81,E,12.9,20.9,1029.9,0,0,0,0,,
2021-02-23,00:15,11.8,8.3,81,ESE,9.7,17.7,1030.07,0,0,0,0,,
2021-02-23,00:30,11.7,8.3,81,ESE,14.5,24.1,1030.21,0,0,0,0,,
2021-02-23,00:45,11.8,8.3,81,ESE,12.9,20.9,1030.27,0,0,0,0,,
2021-02-23,01:00,11.5,8.3,82,ESE,14.5,22.5,1030.11,0,0,0,0,,
2021-02-23,01:15,11.3,8.3,84,ESE,11.3,20.9,1030.17,0,0,0,0,,
2021-02-23,01:30,11.2,8.3,84,ESE,16.1,22.5,1030.41,0,0,0,0,,
2021-02-23,01:45,11.3,8.9,85,ESE,9.7,20.9,1030.44,0,0,0,0,,
2021-02-23,02:00,11.3,8.9,85,ESE,16.1,22.5,1030.55,0,0,0,0,,
2021-02-23,02:15,11.5,8.9,84,E,14.5,24.1,1030.61,0,0,0,0,,
2021-02-23,02:30,11.3,8.9,85,ESE,8,24.1,1030.24,0,0,0,0,,
2021-02-23,02:45,11.2,8.3,85,E,16.1,20.9,1030.31,0,0,0,0,,
2021-02-23,03:00,11.1,8.3,85,ESE,16.1,25.7,1030.27,0,0,0,0,,
2021-02-23,03:15,11.1,8.3,85,ESE,14.5,29,1030.27,0,0,0,0,,
2021-02-23,03:30,11.2,8.3,85,E,17.7,30.6,1030.24,0,0,0,0,,
2021-02-23,03:45,11.3,8.9,85,ESE,19.3,29,1030.24,0,0,0,0,,
2021-02-23,04:00,11.3,8.3,84,ESE,20.9,32.2,1030.31,0,0,0,0,,
2021-02-23,04:15,11.2,8.3,84,ENE,3.2,17.7,1030.82,0,0,0,0,,
2021-02-23,04:30,10.7,8.3,85,ESE,3.2,16.1,1031.32,0,0,0,0,,
2021-02-23,04:45,10.3,7.8,86,ENE,8,14.5,1031.49,0,0,0,0,,
2021-02-23,05:00,10.4,7.8,86,E,4.8,17.7,1031.66,0,0,0,0,,
2021-02-23,05:15,10.4,7.8,86,NE,8,12.9,1031.76,0,0,0,0,,
2021-02-23,05:30,10.3,7.8,86,E,4.8,9.7,1031.66,0,0,0,0,,
2021-02-23,05:45,10.4,7.8,86,E,3.2,11.3,1031.87,0,0,0,0,,
2021-02-23,06:00,10.3,8.3,87,E,6.4,9.7,1032.07,0,0,0,0,,
2021-02-23,06:15,10.4,7.8,86,ESE,6.4,11.3,1032.21,0,0,0,0,,
2021-02-23,06:30,10.2,7.8,87,ESE,1.6,19.3,1032.31,0,0,0,0,,
2021-02-23,06:45,10.3,7.8,86,E,4.8,11.3,1032.41,0,0,0,0,,
2021-02-23,07:00,9.8,7.8,88,ESE,9.7,14.5,1032.54,0,0,0,0,,
2021-02-23,07:15,10.1,7.8,87,E,8,19.3,1032.75,0,0,0,18,,
2021-02-23,07:30,10.3,7.8,87,ENE,9.7,16.1,1033.12,0,0,0,44,,
2021-02-23,07:45,10.6,8.3,86,E,11.3,16.1,1033.22,0,0,0,90,,
2021-02-23,08:00,10.9,8.3,86,E,9.7,14.5,1033.32,0,0,0,149,,
2021-02-23,08:15,11.3,8.9,85,ESE,6.4,19.3,1033.56,0,0,0,209,,
2021-02-23,08:30,11.9,8.9,84,ESE,16.1,19.3,1033.56,0,0,0,287,,
2021-02-23,08:45,12.4,9.4,81,E,12.9,19.3,1033.83,0,0,1,341,,
2021-02-23,09:00,12.8,8.9,79,ESE,17.7,25.7,1033.86,0,0,1,383,,
2021-02-23,09:15,13.1,9.4,79,E,12.9,22.5,1034.07,0,0,1,418,,
2021-02-23,09:30,13.3,9.4,78,SE,12.9,24.1,1034.2,0,0,1,434,,
2021-02-23,09:45,13.6,9.4,77,ESE,11.3,20.9,1034.24,0,0,2,462,,
2021-02-23,10:00,13.9,9.4,76,E,8,25.7,1034.44,0,0,2,501,,
2021-02-23,10:15,14.3,9.4,72,ESE,11.3,22.5,1034.44,0,0,2,522,,
2021-02-23,10:30,14.3,9.4,73,E,6.4,19.3,1034.78,0,0,2,598,,
2021-02-23,10:45,14.7,9.4,71,SE,6.4,20.9,1034.88,0,0,2,564,,
2021-02-23,11:00,14.7,9.4,71,ESE,4.8,22.5,1034.98,0,0,3,650,,
2021-02-23,11:15,14.9,8.9,67,SE,22.5,24.1,1034.91,0,0,3,657,,
2021-02-23,11:30,15.6,9.4,68,E,4.8,17.7,1034.95,0,0,3,568,,
2021-02-23,11:45,15.1,8.9,68,SE,12.9,14.5,1035.02,0,0,2,274,,
2021-02-23,12:00,15.3,8.9,66,SSE,14.5,22.5,1035.05,0,0,2,227,,
2021-02-23,12:15,15.4,8.9,66,SE,25.7,20.9,1034.71,0,0,3,545,,
2021-02-23,12:30,15.9,8.9,64,E,12.9,19.3,1034.71,0,0,4,722,,
2021-02-23,12:45,16.1,8.9,63,SE,8,24.1,1034.54,0,0,4,652,,
2021-02-23,13:00,16.2,8.9,62,N,0,14.5,1034.47,0,0,4,726,,
2021-02-23,13:15,16.1,8.3,62,ESE,14.5,19.3,1034.1,0,0,3,171,,
2021-02-23,13:30,16.1,8.9,63,ESE,16.1,20.9,1034.27,0,0,4,619,,
2021-02-23,13:45,16.3,10,66,SE,6.4,16.1,1034.24,0,0,3,733,,
2021-02-23,14:00,15.9,9.4,65,ESE,12.9,20.9,1034.07,0,0,3,698,,
2021-02-23,14:15,16.1,9.4,65,SSE,3.2,17.7,1034.1,0,0,3,647,,
2021-02-23,14:30,16.7,10,65,ESE,6.4,19.3,1033.93,0,0,3,587,,
2021-02-23,14:45,16.2,9.4,66,ESE,11.3,22.5,1033.9,0,0,3,547,,
2021-02-23,15:00,16.4,10,66,ESE,14.5,19.3,1033.97,0,0,2,520,,
2021-02-23,15:15,15.8,10.6,71,SE,14.5,24.1,1034,0,0,2,469,,
2021-02-23,15:30,15.7,10,71,SSE,8,20.9,1034.2,0,0,2,425,,
2021-02-23,15:45,15.6,10,71,SSE,8,20.9,1034.07,0,0,1,388,,
2021-02-23,16:00,15.3,10,72,SE,8,25.7,1034.54,0,0,1,339,,
2021-02-23,16:15,14.9,9.4,71,SSE,4.8,20.9,1034.51,0,0,1,295,,
2021-02-23,16:30,14.9,9.4,71,SE,14.5,22.5,1034.44,0,0,1,243,,
2021-02-23,16:45,14.8,8.9,70,SE,11.3,19.3,1034.61,0,0,0,67,,
2021-02-23,17:00,14.4,8.9,71,SE,19.3,19.3,1034.44,0,0,0,33,,
2021-02-23,17:15,14.2,9.4,73,SSE,11.3,19.3,1034.61,0,0,0,28,,
2021-02-23,17:30,13.8,8.9,73,ESE,9.7,22.5,1034.71,0,0,0,23,,
2021-02-23,17:45,13.3,9.4,77,SE,11.3,19.3,1034.88,0,0,0,16,,
2021-02-23,18:00,12.8,8.9,78,SE,8,19.3,1034.98,0,0,0,7,,
2021-02-23,18:15,12.3,9.4,83,SE,11.3,17.7,1035.08,0,0,0,0,,
2021-02-23,18:30,11.9,9.4,84,SE,14.5,17.7,1035.08,0,0,0,0,,
2021-02-23,18:45,11.8,9.4,85,SE,8,16.1,1035.29,0,0,0,0,,
2021-02-23,19:00,11.6,8.9,85,SE,11.3,17.7,1035.35,0,0,0,0,,
2021-02-23,19:15,11.5,9.4,88,SE,12.9,16.1,1035.52,0,0,0,0,,
2021-02-23,19:30,11.3,9.4,89,SE,6.4,16.1,1035.69,0,0,0,0,,
2021-02-23,19:45,11.2,9.4,90,SE,11.3,16.1,1035.69,0,0,0,0,,
2021-02-23,20:00,11,9.4,91,SE,6.4,14.5,1035.73,0,0,0,0,,
2021-02-23,20:15,10.8,9.4,91,SE,6.4,14.5,1036,0,0,0,0,,
2021-02-23,20:30,10.7,9.4,92,SE,11.3,12.9,1036.17,0,0,0,0,,
2021-02-23,20:45,10.9,9.4,93,ESE,11.3,17.7,1035.93,0,0,0,0,,
2021-02-23,21:00,10.9,9.4,93,SE,6.4,16.1,1036.17,0,0,0,0,,
2021-02-23,21:15,10.8,9.4,93,SE,6.4,14.5,1036.34,0,0,0,0,,
2021-02-23,21:30,10.6,9.4,94,SE,3.2,8,1036.51,0,0,0,0,,
2021-02-23,21:45,10.5,9.4,93,SSE,4.8,11.3,1036.64,0,0,0,0,,
2021-02-23,22:00,10.6,9.4,94,ESE,4.8,8,1036.54,0,0,0,0,,
2021-02-23,22:15,10.4,9.4,93,SE,4.8,8,1036.64,0,0,0,0,,
2021-02-23,22:30,10.6,9.4,93,SE,8,12.9,1036.44,0,0,0,0,,
2021-02-23,22:45,10.4,9.4,93,ESE,6.4,11.3,1036.57,0,0,0,0,,
2021-02-23,23:00,10.4,8.9,93,SE,3.2,11.3,1036.37,0,0,0,0,,
2021-02-23,23:15,10.1,8.9,93,N,0,4.8,1036.44,0,0,0,0,,
2021-02-23,23:30,9.6,8.3,92,N,0,4.8,1036.3,0,0,0,0,,
2021-02-23,23:45,9.3,7.8,93,N,0,1.6,1036.4,0,0,0,0,,
2021-02-23,OVR,,,,,,,,,,,,gustmax,33.8
2021-02-23,OVR,,,,,,,,,,,,rainrate_max,0
2021-02-23,OVR,,,,,,,,,,,,rain_total_mm,0
2021-02-23,OVR,,,,,,,,,,,,tmax,16.8
2021-02-23,OVR,,,,,,,,,,,,tmin,9.3
2021-02-23,OVR,,,,,,,,,,,,wind_dir_mean_deg,243
2021-02-24,00:00,9.4,8.3,93,SE,4.8,6.4,1036.23,0,0,0,0,,
2021-02-24,00:15,9.4,8.3,93,N,0,6.4,1036.23,0,0,0,0,,
2021-02-24,00:30,9.1,7.8,93,N,0,1.6,1036.23,0,0,0,0,,
2021-02-24,00:45,9.4,8.3,93,SE,3.2,6.4,1036.23,0,0,0,0,,
2021-02-24,01:00,9.2,7.8,91,ESE,1.6,6.4,1036.23,0,0,0,0,,
2021-02-24,01:15,9.1,7.8,92,ESE,1.6,6.4,1035.9,0,0,0,0,,
2021-02-24,01:30,9.4,7.8,92,ESE,3.2,4.8,1036.23,0,0,0,0,,
2021-02-24,01:45,9.3,7.8,91,N,0,3.2,1035.9,0,0,0,0,,
2021-02-24,02:00,8.8,7.2,92,SE,3.2,4.8,1035.9,0,0,0,0,,
2021-02-24,02:15,8.4,7.2,93,N,0,3.2,1035.56,0,0,0,0,,
2021-02-24,02:30,8.7,7.2,93,ESE,1.6,3.2,1035.9,0,0,0,0,,
2021-02-24,02:45,9.2,7.8,92,ESE,1.6,3.2,1035.56,0,0,0,0,,
2021-02-24,03:00,8.7,7.2,93,ESE,1.6,4.8,1035.56,0,0,0,0,,
2021-02-24,03:30,8.2,6.7,92,SE,1.6,4.8,1035.56,0,0,0,0,,
2021-02-24,03:45,8.3,7.2,93,SE,1.6,3.2,1035.56,0,0,0,0,,
2021-02-24,04:00,8.4,7.2,93,ESE,4.8,6.4,1035.56,0,0,0,0,,
2021-02-24,04:15,8.6,7.2,91,ESE,1.6,4.8,1035.22,0,0,0,0,,
2021-02-24,04:30,8.5,7.2,93,ESE,1.6,3.2,1035.22,0,0,0,0,,
2021-02-24,04:45,8.2,7.2,94,ESE,3.2,4.8,1035.22,0,0,0,0,,
2021-02-24,05:00,8.7,7.8,93,N,0,4.8,1035.22,0,0,0,0,,
2021-02-24,05:15,8.7,7.2,93,ESE,1.6,3.2,1035.22,0,0,0,0,,
2021-02-24,05:30,8.7,7.8,94,ESE,3.2,3.2,1035.22,0,0,0,0,,
2021-02-24,05:45,8.6,7.2,94,ESE,1.6,3.2,1035.22,0,0,0,0,,
2021-02-24,06:00,8.1,6.7,93,ESE,3.2,3.2,1035.22,0,0,0,0,,
2021-02-24,06:15,8.3,7.2,94,ESE,1.6,3.2,1035.22,0,0,0,0,,
2021-02-24,06:30,8.6,7.8,94,ESE,1.6,4.8,1035.22,0,0,0,0,,
2021-02-24,06:45,8.6,7.2,94,SE,3.2,4.8,1035.22,0,0,0,0,,
2021-02-24,07:00,8.7,7.8,94,N,0,1.6,1035.22,0,0,0,0,,
2021-02-24,07:15,7.6,6.1,93,N,0,1.6,1035.22,0,0,0,9,,
2021-02-24,07:30,8.4,7.2,95,SE,1.6,3.2,1035.22,0,0,0,18,,
2021-02-24,07:45,8.9,7.8,94,SE,1.6,1.6,1035.56,0,0,0,83,,
2021-02-24,08:00,9,8.3,95,E,3.2,4.8,1035.56,0,0,0,144,,
2021-02-24,08:15,9.7,8.9,94,E,3.2,9.7,1035.56,0,0,0,197,,
2021-02-24,08:30,10.4,8.9,92,E,3.2,4.8,1035.56,0,0,0,244,,
2021-02-24,08:45,11.3,9.4,88,E,3.2,4.8,1035.56,0,0,1,285,,
2021-02-24,09:00,12.4,10,85,N,0,4.8,1035.9,0,0,1,327,,
2021-02-24,09:15,12.7,10,85,N,0,4.8,1035.9,0,0,1,371,,
2021-02-24,09:30,12.4,10.6,88,N,0,1.6,1035.9,0,0,1,422,,
2021-02-24,10:00,12.9,10,84,NW,1.6,4.8,1035.56,0,0,2,512,,
2021-02-24,10:15,13.7,8.3,72,ENE,3.2,4.8,1035.9,0,0,2,552,,
2021-02-24,10:30,14,7.2,65,ESE,1.6,6.4,1035.9,0,0,3,585,,
2021-02-24,10:45,14.2,8.9,72,SSE,1.6,8,1035.9,0,0,3,613,,
2021-02-24,11:00,14.4,8.3,68,SSE,4.8,14.5,1035.56,0,0,3,642,,
2021-02-24,11:15,14.9,7.2,60,SE,3.2,11.3,1035.56,0,0,3,666,,
2021-02-24,11:30,15.2,7.2,59,SSE,3.2,11.3,1035.56,0,0,4,686,,
2021-02-24,11:45,15.1,8.3,65,SSE,6.4,14.5,1035.56,0,0,4,698,,
2021-02-24,12:00,15.2,8.3,64,SSE,4.8,12.9,1035.22,0,0,4,705,,
2021-02-24,12:15,15.2,7.8,62,ESE,4.8,16.1,1035.22,0,0,4,714,,
2021-02-24,12:30,15.1,6.1,57,N,0,16.1,1035.22,0,0,4,714,,
2021-02-24,12:45,15.7,7.2,58,N,0,9.7,1034.88,0,0,4,714,,
2021-02-24,13:00,15.7,7.8,59,N,0,11.3,1034.88,0,0,4,701,,
2021-02-24,13:15,16.3,6.7,54,SSE,6.4,12.9,1034.2,0,0,4,689,,
2021-02-24,13:30,16.2,7.8,57,SE,3.2,12.9,1034.2,0,0,4,677,,
2021-02-24,13:45,16.4,7.2,54,S,1.6,11.3,1034.2,0,0,4,661,,
2021-02-24,14:00,16.8,7.8,56,N,0,4.8,1033.86,0,0,3,640,,
2021-02-24,14:15,16.7,7.2,53,SE,4.8,9.7,1033.86,0,0,3,606,,
2021-02-24,14:30,17.2,7.2,53,N,0,8,1033.53,0,0,3,577,,
2021-02-24,14:45,17.2,6.7,51,SSE,6.4,9.7,1033.19,0,0,3,548,,
2021-02-24,15:00,16.4,10,65,WNW,3.2,19.3,1033.53,0,0,2,508,,
2021-02-24,15:15,16.2,9.4,66,W,14.5,17.7,1033.19,0,0,2,469,,
2021-02-24,15:30,15.7,10,68,WNW,12.9,25.7,1033.19,0,0,2,427,,
2021-02-24,15:45,15.6,10,69,WNW,11.3,16.1,1033.19,0,0,1,388,,
2021-02-24,16:00,15.4,10,70,W,11.3,14.5,1032.85,0,0,1,343,,
2021-02-24,16:15,15.1,10,71,WNW,12.9,19.3,1032.85,0,0,1,295,,
2021-02-24,16:30,14.4,9.4,74,WNW,11.3,20.9,1033.19,0,0,1,243,,
2021-02-24,16:45,14.1,9.4,75,W,6.4,17.7,1032.85,0,0,0,63,,
2021-02-24,17:00,13.7,9.4,77,N,0,17.7,1032.85,0,0,0,56,,
2021-02-24,17:15,13.3,9.4,78,N,0,14.5,1033.19,0,0,0,44,,
2021-02-24,17:30,13.1,8.9,77,WNW,4.8,16.1,1032.85,0,0,0,33,,
2021-02-24,17:45,12.8,8.9,80,N,0,8,1032.85,0,0,0,23,,
2021-02-24,18:00,12.3,8.9,80,N,0,6.4,1032.85,0,0,0,11,,
2021-02-24,18:15,11.6,8.3,82,N,0,3.2,1033.19,0,0,0,0,,
2021-02-24,18:30,10.9,8.3,84,N,0,3.2,1033.19,0,0,0,0,,
2021-02-24,18:45,10.7,7.8,84,N,0,3.2,1032.85,0,0,0,0,,
2021-02-24,19:00,10.2,7.8,86,N,0,3.2,1032.95,0,0,0,0,,
2021-02-24,19:15,10.1,7.8,86,SSE,1.6,3.2,1033.12,0,0,0,0,,
2021-02-24,19:30,10.2,7.8,87,SSE,1.6,4.8,1033.29,0,0,0,0,,
2021-02-24,19:45,9.8,7.2,87,SSE,1.6,3.2,1033.09,0,0,0,0,,
2021-02-24,20:15,11.1,8.3,84,SSE,1.6,4.8,1033.02,0,0,0,0,,
2021-02-24,20:30,11.6,8.3,82,N,0,1.6,1033.09,0,0,0,0,,
2021-02-24,20:45,11.2,8.3,83,SSE,3.2,3.2,1033.05,0,0,0,0,,
2021-02-24,21:00,11.3,8.3,82,N,0,3.2,1033.09,0,0,0,0,,
2021-02-24,21:15,11.1,8.3,83,SSE,3.2,4.8,1033.19,0,0,0,0,,
2021-02-24,21:30,10.9,8.3,84,SSE,1.6,3.2,1033.09,0,0,0,0,,
2021-02-24,22:00,9.9,7.8,87,N,0,3.2,1033.19,0,0,0,0,,
2021-02-24,22:15,9.3,7.2,89,N,0,1.6,1033.09,0,0,0,0,,
2021-02-24,22:30,9.1,7.2,91,N,0,1.6,1032.98,0,0,0,0,,
2021-02-24,22:45,8.9,7.2,92,SSW,1.6,3.2,1033.02,0,0,0,0,,
2021-02-24,23:00,9.3,7.8,92,N,0,3.2,1032.92,0,0,0,0,,
2021-02-24,23:15,10.6,8.9,90,ESE,3.2,4.8,1032.85,0,0,0,0,,
2021-02-24,23:30,11,8.9,88,ESE,1.6,6.4,1033.02,0,0,0,0,,
2021-02-24,23:45,11.6,8.9,85,ESE,1.6,4.8,1032.98,0,0,0,0,,
2021-02-24,OVR,,,,,,,,,,,,gustmax,29
2021-02-24,OVR,,,,,,,,,,,,rainrate_max,0
2021-02-24,OVR,,,,,,,,,,,,rain_total_mm,0
2021-02-24,OVR,,,,,,,,,,,,tmax,17.7
2021-02-24,OVR,,,,,,,,,,,,tmin,7.4
2021-02-24,OVR,,,,,,,,,,,,wind_dir_mean_deg,193
2021-02-25,00:00,11.3,8.9,85,N,0,3.2,1032.98,0,0,0,0,,
2021-02-25,00:15,11.4,8.9,84,ESE,1.6,4.8,1032.95,0,0,0,0,,
2021-02-25,00:30,11.3,8.3,82,ESE,3.2,4.8,1032.68,0,0,0,0,,
2021-02-25,00:45,10.9,7.8,82,ESE,4.8,4.8,1032.65,0,0,0,0,,
2021-02-25,01:00,11.4,7.2,76,ESE,8,11.3,1032.58,0,0,0,0,,
2021-02-25,01:15,11.6,7.2,75,ESE,4.8,11.3,1032.34,0,0,0,0,,
2021-02-25,01:30,11.4,7.2,76,ESE,1.6,4.8,1032.48,0,0,0,0,,
2021-02-25,01:45,11,6.1,73,N,0,4.8,1032.34,0,0,0,0,,
2021-02-25,02:00,10,6.1,76,ESE,3.2,3.2,1032.1,0,0,0,0,,
2021-02-25,02:15,10.5,6.1,74,E,4.8,6.4,1032.1,0,0,0,0,,
2021-02-25,02:30,10.4,5.6,73,E,6.4,6.4,1032,0,0,0,0,,
2021-02-25,02:45,10.2,5,71,ESE,4.8,6.4,1031.83,0,0,0,0,,
2021-02-25,03:00,10.1,5,72,ESE,3.2,4.8,1031.76,0,0,0,0,,
2021-02-25,03:15,9.8,5,74,ESE,4.8,4.8,1031.63,0,0,0,0,,
2021-02-25,03:30,9.9,5.6,76,ESE,1.6,4.8,1031.43,0,0,0,0,,
2021-02-25,03:45,10.1,6.1,77,ESE,1.6,4.8,1031.49,0,0,0,0,,
2021-02-25,04:00,9.8,6.1,79,ESE,1.6,3.2,1031.49,0,0,0,0,,
2021-02-25,04:15,8.8,5.6,80,N,0,3.2,1031.39,0,0,0,0,,
2021-02-25,04:30,8.3,5,80,ESE,1.6,3.2,1031.22,0,0,0,0,,
2021-02-25,04:45,8.3,5,80,ESE,1.6,3.2,1031.26,0,0,0,0,,
2021-02-25,05:00,8.5,5,81,ESE,1.6,3.2,1031.26,0,0,0,0,,
2021-02-25,05:15,8.9,5,78,N,0,3.2,1031.39,0,0,0,0,,
2021-02-25,05:30,8.1,5,82,ESE,1.6,1.6,1031.29,0,0,0,0,,
2021-02-25,05:45,8.4,5,80,ESE,1.6,4.8,1031.22,0,0,0,0,,
2021-02-25,06:00,8.8,4.4,76,N,0,3.2,1031.26,0,0,0,0,,
2021-02-25,06:15,9,4.4,74,ESE,3.2,3.2,1031.19,0,0,0,0,,
2021-02-25,06:30,9.3,4.4,72,ESE,1.6,3.2,1030.92,0,0,0,0,,
2021-02-25,06:45,9.7,3.9,67,ESE,1.6,3.2,1030.99,0,0,0,0,,
2021-02-25,07:00,10.5,2.8,60,ESE,1.6,4.8,1030.85,0,0,0,0,,
2021-02-25,07:15,10.6,2.2,58,ESE,3.2,4.8,1030.99,0,0,0,12,,
2021-02-25,07:30,11.1,2.2,55,SE,4.8,6.4,1031.19,0,0,0,30,,
2021-02-25,07:45,11.1,3.3,59,SE,3.2,6.4,1031.36,0,0,0,60,,
2021-02-25,08:00,11.2,3.9,61,SE,3.2,8,1031.53,0,0,0,104,,
2021-02-25,08:15,11.6,3.9,60,SE,3.2,6.4,1031.73,0,0,0,155,,
2021-02-25,08:30,12,4.4,61,N,0,3.2,1031.8,0,0,0,207,,
2021-02-25,08:45,12.7,5.6,63,SE,1.6,1.6,1031.87,0,0,1,255,,
2021-02-25,09:00,12.7,6.7,67,N,0,1.6,1031.93,0,0,1,304,,
2021-02-25,09:15,13.5,5.6,58,N,0,3.2,1032,0,0,1,350,,
2021-02-25,09:30,14.3,6.7,60,NE,1.6,3.2,1032.1,0,0,1,394,,
2021-02-25,09:45,14.9,5.6,54,NNE,1.6,4.8,1032,0,0,2,436,,
2021-02-25,10:00,15.3,5.6,52,,3.2,4.8,1032.07,0,0,2,480,,
2021-02-25,10:15,15.6,5.6,52,,1.6,6.4,1032.1,0,0,2,517,,
2021-02-25,10:30,15.7,4.4,48,NNW,1.6,6.4,1032,0,0,2,550,,
2021-02-25,10:45,15.8,4.4,48,WNW,3.2,9.7,1032.04,0,0,3,584,,
2021-02-25,11:00,16.3,6.1,52,N,0,4.8,1032,0,0,3,612,,
2021-02-25,11:15,16.6,8.3,58,ESE,1.6,6.4,1032.14,0,0,3,633,,
2021-02-25,11:30,16.6,9.4,64,N,0,6.4,1032.07,0,0,3,650,,
2021-02-25,11:45,17.1,8.3,57,N,0,6.4,1031.93,0,0,3,668,,
2021-02-25,12:00,17.3,7.2,52,ESE,1.6,6.4,1031.63,0,0,4,677,,
2021-02-25,12:15,17.5,6.7,50,WNW,4.8,6.4,1031.53,0,0,4,686,,
2021-02-25,12:30,17.9,6.1,46,N,0,6.4,1031.39,0,0,4,689,,
2021-02-25,12:45,17.8,5.6,45,N,0,6.4,1031.36,0,0,4,686,,
2021-02-25,13:00,18.2,7.8,52,W,1.6,6.4,1031.19,0,0,4,680,,
2021-02-25,13:15,17.9,7.8,53,WNW,11.3,12.9,1031.12,0,0,4,670,,
2021-02-25,13:30,18.6,6.1,44,WNW,9.7,12.9,1030.78,0,0,3,654,,
2021-02-25,13:45,18.3,5.6,44,W,12.9,12.9,1030.82,0,0,3,636,,
2021-02-25,14:00,18.1,3.3,37,WNW,6.4,14.5,1030.34,0,0,3,615,,
2021-02-25,14:15,18.4,3.9,38,N,0,14.5,1030.34,0,0,3,594,,
2021-02-25,14:30,18.3,6.1,45,SW,3.2,19.3,1030.27,0,0,3,566,,
2021-02-25,14:45,17.8,8.3,54,WNW,3.2,20.9,1030.04,0,0,2,531,,
2021-02-25,15:00,17.6,9.4,59,SSW,3.2,17.7,1030.07,0,0,2,492,,
2021-02-25,15:15,17.3,8.3,56,W,14.5,20.9,1030.11,0,0,2,454,,
2021-02-25,15:30,17.2,6.1,48,WNW,9.7,19.3,1030.11,0,0,2,411,,
2021-02-25,15:45,16.9,7.2,54,W,9.7,20.9,1030.11,0,0,1,364,,
2021-02-25,16:00,16.4,6.1,52,NW,6.4,19.3,1030.11,0,0,1,320,,
2021-02-25,16:15,16.1,7.2,57,W,12.9,19.3,1030.04,0,0,1,267,,
2021-02-25,16:30,15.6,8.3,62,W,12.9,24.1,1030,0,0,1,213,,
2021-02-25,16:45,15.1,8.3,64,W,12.9,17.7,1029.87,0,0,0,86,,
2021-02-25,17:00,14.3,7.8,66,W,17.7,25.7,1029.94,0,0,0,69,,
2021-02-25,17:15,13.7,7.2,66,WSW,4.8,19.3,1029.97,0,0,0,54,,
2021-02-25,17:30,13.3,7.2,68,WNW,3.2,12.9,1029.9,0,0,0,40,,
2021-02-25,18:00,12.3,7.2,72,N,0,16.1,1030.07,0,0,0,12,,
2021-02-25,18:15,12.1,7.2,74,W,3.2,9.7,1030.07,0,0,0,0,,
2021-02-25,18:30,10.9,7.2,78,N,0,3.2,1030.14,0,0,0,0,,
2021-02-25,18:45,11.1,7.2,77,N,0,4.8,1030.27,0,0,0,0,,
2021-02-25,19:00,11,6.7,77,WSW,1.6,3.2,1030.38,0,0,0,0,,
2021-02-25,19:15,11.2,6.7,74,NNW,1.6,6.4,1030.44,0,0,0,0,,
2021-02-25,19:30,11.4,6.1,72,WNW,4.8,6.4,1030.41,0,0,0,0,,
2021-02-25,19:45,10.2,5.6,75,SSW,3.2,4.8,1030.48,0,0,0,0,,
2021-02-25,20:00,10.7,6.1,74,S,3.2,3.2,1030.72,0,0,0,0,,
2021-02-25,20:15,10.8,6.1,73,N,0,3.2,1030.82,0,0,0,0,,
2021-02-25,20:30,10.2,6.1,77,S,3.2,3.2,1030.88,0,0,0,0,,
2021-02-25,20:45,10.3,6.1,77,S,1.6,3.2,1030.88,0,0,0,0,,
2021-02-25,21:00,10.7,6.1,75,S,1.6,3.2,1030.92,0,0,0,0,,
2021-02-25,21:15,10.4,6.1,75,N,0,3.2,1031.09,0,0,0,0,,
2021-02-25,21:30,10.3,5.6,74,S,1.6,3.2,1031.22,0,0,0,0,,
2021-02-25,21:45,10.1,5.6,73,SSE,1.6,6.4,1031.16,0,0,0,0,,
2021-02-25,22:00,10.2,5.6,75,SSE,3.2,4.8,1031.12,0,0,0,0,,
2021-02-25,22:15,9.3,5,76,N,0,3.2,1031.26,0,0,0,0,,
2021-02-25,22:30,9.3,5,77,SSE,4.8,6.4,1031.32,0,0,0,0,,
2021-02-25,22:45,9.3,6.1,82,SSE,4.8,6.4,1031.12,0,0,0,0,,
2021-02-25,23:00,9.6,7.8,89,SE,3.2,6.4,1031.09,0,0,0,0,,
2021-02-25,23:15,9.1,7.2,91,SE,1.6,6.4,1031.12,0,0,0,0,,
2021-02-25,23:45,8.3,6.7,91,N,0,4.8,1030.99,0,0,0,0,,
2021-02-25,OVR,,,,,,,,,,,,gustmax,25.7
2021-02-25,OVR,,,,,,,,,,,,rainrate_max,0
2021-02-25,OVR,,,,,,,,,,,,rain_total_mm,0
2021-02-25,OVR,,,,,,,,,,,,tmax,18.6
2021-02-25,OVR,,,,,,,,,,,,tmin,7.9
2021-02-25,OVR,,,,,,,,,,,,wind_dir_mean_deg,122
2021-02-26,00:00,8.8,7.2,92,N,0,3.2,1030.92,0,0,0,0,,
2021-02-26,00:15,8.6,7.2,92,N,0,3.2,1030.68,0,0,0,0,,
2021-02-26,00:30,8.1,6.7,93,N,0,3.2,1030.78,0,0,0,0,,
2021-02-26,00:45,8.3,7.2,94,N,0,3.2,1030.61,0,0,0,0,,
2021-02-26,01:00,8.5,7.2,93,N,0,3.2,1030.58,0,0,0,0,,
2021-02-26,01:15,8.3,7.2,93,SE,1.6,3.2,1030.55,0,0,0,0,,
2021-02-26,01:30,7.7,6.7,93,N,0,3.2,1030.55,0,0,0,0,,
2021-02-26,01:45,7.6,6.7,94,ESE,1.6,4.8,1030.41,0,0,0,0,,
2021-02-26,02:00,7.4,6.1,94,N,0,1.6,1030.24,0,0,0,0,,
2021-02-26,02:15,8.4,7.2,95,N,0,1.6,1030.04,0,0,0,0,,
2021-02-26,02:30,8.1,6.7,93,N,0,1.6,1029.9,0,0,0,0,,
2021-02-26,02:45,8.3,7.2,93,ESE,1.6,4.8,1029.67,0,0,0,0,,
2021-02-26,03:00,8,6.7,93,ESE,3.2,6.4,1029.56,0,0,0,0,,
2021-02-26,03:15,8.4,7.2,93,ESE,4.8,6.4,1029.36,0,0,0,0,,
2021-02-26,03:30,8.6,7.2,91,ESE,1.6,4.8,1029.23,0,0,0,0,,
2021-02-26,03:45,8.8,6.7,89,ESE,3.2,4.8,1029.12,0,0,0,0,,
2021-02-26,04:00,8.8,6.7,87,ESE,4.8,4.8,1029.02,0,0,0,0,,
2021-02-26,04:15,8.7,6.1,86,ESE,3.2,4.8,1028.92,0,0,0,0,,
2021-02-26,04:45,8.2,6.1,87,ESE,1.6,3.2,1028.75,0,0,0,0,,
2021-02-26,05:00,8.6,5.6,81,ESE,3.2,3.2,1028.78,0,0,0,0,,
2021-02-26,05:15,8.8,5,78,ESE,3.2,4.8,1028.68,0,0,0,0,,
2021-02-26,05:45,8.1,4.4,78,ESE,1.6,4.8,1028.85,0,0,0,0,,
2021-02-26,06:00,7.5,3.9,80,ESE,1.6,3.2,1028.78,0,0,0,0,,
2021-02-26,06:30,8.3,4.4,78,E,3.2,4.8,1028.78,0,0,0,0,,
2021-02-26,06:45,8.8,4.4,75,E,1.6,4.8,1028.82,0,0,0,0,,
2021-02-26,07:00,8.5,4.4,77,E,4.8,4.8,1028.92,0,0,0,0,,
2021-02-26,07:15,8.4,5,79,N,0,4.8,1029.09,0,0,0,14,,
2021-02-26,07:30,7.2,4.4,83,N,0,1.6,1029.09,0,0,0,32,,
2021-02-26,07:45,6.8,4.4,86,E,3.2,4.8,1029.09,0,0,0,77,,
2021-02-26,08:00,7.7,5,85,N,0,3.2,1029.16,0,0,0,130,,
2021-02-26,08:15,7.2,5,86,E,1.6,3.2,1029.29,0,0,0,188,,
2021-02-26,08:30,7.7,5.6,86,E,1.6,1.6,1029.5,0,0,0,239,,
2021-02-26,08:45,8.2,5.6,84,E,3.2,4.8,1029.5,0,0,1,292,,
2021-02-26,09:00,8.9,5.6,80,E,3.2,6.4,1029.67,0,0,1,339,,
2021-02-26,09:15,9.6,5.6,78,E,1.6,6.4,1029.7,0,0,1,385,,
2021-02-26,09:30,9.6,7.2,86,N,0,4.8,1029.94,0,0,2,431,,
2021-02-26,09:45,9.8,6.7,83,NW,4.8,8,1030.07,0,0,2,475,,
2021-02-26,10:00,9.4,7.2,86,WNW,4.8,8,1030.21,0,0,2,513,,
2021-02-26,10:15,9.6,7.2,85,NW,1.6,8,1030.04,0,0,2,547,,
2021-02-26,10:30,10.3,7.8,87,NW,3.2,4.8,1029.77,0,0,3,584,,
2021-02-26,10:45,10.8,8.3,85,SSE,11.3,9.7,1029.77,0,0,3,612,,
2021-02-26,11:00,11,8.3,86,SSW,1.6,9.7,1029.6,0,0,3,638,,
2021-02-26,11:15,11.7,8.9,84,SSE,6.4,9.7,1029.53,0,0,3,661,,
2021-02-26,11:30,11.6,8.9,85,SE,6.4,12.9,1029.5,0,0,4,679,,
2021-02-26,11:45,12.3,8.9,82,N,0,11.3,1029.39,0,0,4,691,,
2021-02-26,12:00,12.9,9.4,81,N,0,6.4,1029.43,0,0,4,700,,
2021-02-26,12:15,13.2,9.4,80,SSW,1.6,8,1029.23,0,0,4,703,,
2021-02-26,12:30,12.8,9.4,80,SSW,3.2,11.3,1028.95,0,0,4,708,,
2021-02-26,12:45,13.7,9.4,77,WNW,1.6,6.4,1028.72,0,0,4,708,,
2021-02-26,13:00,14.1,9.4,74,WNW,8,9.7,1028.72,0,0,4,698,,
2021-02-26,13:15,13.7,8.9,73,S,1.6,19.3,1028.48,0,0,4,698,,
2021-02-26,13:30,13.8,8.9,73,WNW,12.9,14.5,1028.45,0,0,4,680,,
2021-02-26,13:45,13.8,9.4,77,WNW,14.5,17.7,1028.01,0,0,4,663,,
2021-02-26,14:00,14.3,10,76,W,4.8,19.3,1027.87,0,0,3,638,,
2021-02-26,14:15,14.3,10,76,SSW,4.8,20.9,1027.67,0,0,3,615,,
2021-02-26,14:30,14.5,10,75,WNW,6.4,25.7,1027.5,0,0,3,587,,
2021-02-26,14:45,14.4,9.4,74,W,17.7,25.7,1027.43,0,0,3,550,,
2021-02-26,15:00,14.3,10,75,WNW,6.4,25.7,1027.43,0,0,2,522,,
2021-02-26,15:15,14.1,10,76,NNW,1.6,25.7,1027.36,0,0,2,485,,
2021-02-26,15:30,14.1,10,78,WNW,12.9,22.5,1027.16,0,0,2,443,,
2021-02-26,16:00,13.8,10,79,W,12.9,22.5,1027.02,0,0,1,352,,
2021-02-26,16:15,13.3,10,81,WNW,12.9,25.7,1026.85,0,0,1,302,,
2021-02-26,16:30,12.7,9.4,83,WNW,14.5,22.5,1026.79,0,0,1,236,,
2021-02-26,16:45,12.4,9.4,84,W,9.7,20.9,1026.65,0,0,0,58,,
2021-02-26,17:00,12.1,9.4,84,W,11.3,22.5,1026.58,0,0,0,51,,
2021-02-26,17:15,11.8,9.4,85,W,9.7,19.3,1026.69,0,0,0,44,,
2021-02-26,17:30,11.4,8.9,87,WNW,12.9,19.3,1026.85,0,0,0,35,,
2021-02-26,17:45,11,8.9,88,WNW,11.3,17.7,1026.69,0,0,0,26,,
2021-02-26,18:00,10.6,8.9,89,W,16.1,16.1,1026.72,0,0,0,14,,
2021-02-26,18:15,10.1,8.3,90,WNW,3.2,16.1,1026.79,0,0,0,0,,
2021-02-26,18:30,9.8,8.3,91,N,0,9.7,1026.96,0,0,0,0,,
2021-02-26,18:45,9.5,7.8,92,N,0,4.8,1026.89,0,0,0,0,,
2021-02-26,19:00,9.2,7.8,91,N,0,3.2,1027.02,0,0,0,0,,
2021-02-26,19:15,8.9,7.8,93,N,0,4.8,1026.82,0,0,0,0,,
2021-02-26,19:30,8.6,7.2,91,N,0,1.6,1026.99,0,0,0,0,,
2021-02-26,19:45,8.3,7.2,92,N,0,1.6,1026.89,0,0,0,0,,
2021-02-26,20:00,8.2,7.2,94,WSW,1.6,3.2,1026.85,0,0,0,0,,
2021-02-26,20:15,7.8,6.7,93,N,0,1.6,1026.82,0,0,0,0,,
2021-02-26,20:30,7.6,6.7,94,WSW,1.6,3.2,1026.75,0,0,0,0,,
2021-02-26,21:15,7.3,6.1,95,N,0,3.2,1026.72,0,0,0,0,,
2021-02-26,21:30,7.1,6.1,94,SW,1.6,3.2,1026.82,0,0,0,0,,
2021-02-26,21:45,7.6,6.7,95,N,0,3.2,1026.75,0,0,0,0,,
2021-02-26,22:00,7.6,6.7,95,SW,1.6,3.2,1026.96,0,0,0,0,,
2021-02-26,22:15,7,6.1,94,SW,1.6,3.2,1026.82,0,0,0,0,,
2021-02-26,22:30,6.8,5.6,94,SW,1.6,3.2,1026.99,0,0,0,0,,
2021-02-26,22:45,7,6.1,95,N,0,3.2,1026.99,0,0,0,0,,
2021-02-26,23:00,7.1,6.1,95,SSW,1.6,3.2,1026.75,0,0,0,0,,
2021-02-26,23:15,7.1,6.1,95,SSW,1.6,3.2,1026.69,0,0,0,0,,
2021-02-26,23:30,7.1,6.1,95,N,0,4.8,1026.45,0,0,0,0,,
2021-02-26,23:45,6.9,6.1,96,N,0,4.8,1026.31,0,0,0,0,,
2021-02-26,OVR,,,,,,,,,,,,gustmax,29
2021-02-26,OVR,,,,,,,,,,,,rainrate_max,0
2021-02-26,OVR,,,,,,,,,,,,rain_total_mm,0
2021-02-26,OVR,,,,,,,,,,,,tmax,14.6
2021-02-26,OVR,,,,,,,,,,,,tmin,6.5
2021-02-26,OVR,,,,,,,,,,,,wind_dir_mean_deg,90
2021-02-27,00:00,6.6,5.6,96,N,0,0,1026.25,0,0,0,0,,
2021-02-27,00:15,6.3,5.6,96,E,1.6,4.8,1026.18,0,0,0,0,,
2021-02-27,00:30,6.3,5.6,96,E,3.2,3.2,1026.04,0,0,0,0,,
2021-02-27,00:45,6.6,5.6,96,E,1.6,3.2,1025.97,0,0,0,0,,
2021-02-27,01:00,7.7,6.7,96,NE,1.6,4.8,1025.87,0,0,0,0,,
2021-02-27,01:15,7.9,7.2,96,E,1.6,4.8,1025.74,0,0,0,0,,
2021-02-27,01:30,7.9,7.2,96,NE,1.6,4.8,1025.74,0,0,0,0,,
2021-02-27,01:45,7.9,7.2,96,NNE,1.6,3.2,1025.6,0,0,0,0,,
2021-02-27,02:00,7.8,7.2,96,NNW,1.6,6.4,1025.43,0,0,0,0,,
2021-02-27,02:15,7.6,6.7,96,NW,1.6,4.8,1025.3,0,0,0,0,,
2021-02-27,02:30,7.4,6.7,96,NW,4.8,6.4,1025.09,0,0,0,0,,
2021-02-27,02:45,7.3,6.7,96,WNW,4.8,11.3,1024.96,0,0,0,0,,
2021-02-27,03:00,7.2,6.7,96,WNW,4.8,9.7,1024.79,0,0,0,0,,
2021-02-27,03:15,7.2,6.7,96,WNW,6.4,11.3,1024.48,0,0,0,0,,
2021-02-27,03:30,7,6.1,96,WNW,3.2,11.3,1024.55,0,0,0,0,,
2021-02-27,03:45,7.3,6.7,96,WNW,8,14.5,1024.28,0,0,0,0,,
2021-02-27,04:00,7.2,6.7,96,WNW,6.4,14.5,1024.21,0,0,0,0,,
2021-02-27,04:15,7.2,6.7,97,W,11.3,14.5,1024.01,0,0,0,0,,
2021-02-27,04:30,7.3,6.7,97,NW,6.4,11.3,1023.98,0,0,0,0,,
2021-02-27,04:45,7.2,6.7,97,WNW,6.4,12.9,1024.08,0,0,0,0,,
2021-02-27,05:00,7.2,6.7,97,W,9.7,17.7,1024.08,0,0,0,0,,
2021-02-27,05:15,7.1,6.1,96,W,12.9,14.5,1024.25,0,0,0,0,,
2021-02-27,05:30,7,6.1,96,WNW,6.4,14.5,1024.25,0,0,0,0,,
2021-02-27,05:45,6.9,6.1,96,WNW,11.3,16.1,1024.31,0,0,0,0,,
2021-02-27,06:00,6.8,6.1,97,WNW,12.9,14.5,1024.31,0,0,0,0,,
2021-02-27,06:15,6.7,6.1,96,WNW,6.4,16.1,1024.28,0,0,0,0,,
2021-02-27,06:30,6.8,6.1,97,WNW,8,14.5,1024.18,0,0,0,0,,
2021-02-27,06:45,6.8,6.1,97,NW,3.2,16.1,1024.11,0,0,0,0,,
2021-02-27,07:00,6.7,6.1,97,WNW,4.8,14.5,1024.25,0,0,0,0,,
2021-02-27,07:15,6.6,6.1,97,WNW,4.8,12.9,1024.08,0,0,0,0,,
2021-02-27,07:45,6.2,5.6,97,NW,4.8,8,1024.25,0,0,0,21,,
2021-02-27,08:15,6.2,5.6,97,NW,3.2,6.4,1024.35,0,0,0,49,,
2021-02-27,08:30,6.3,5.6,97,NW,1.6,8,1024.38,0,0,0,72,,
2021-02-27,09:15,7.1,6.7,97,WNW,6.4,17.7,1024.21,0,0,1,125,,
2021-02-27,09:30,7.2,6.7,97,WNW,8,14.5,1024.31,0,0,1,169,,
2021-02-27,09:45,7.2,6.7,97,WNW,1.6,17.7,1024.31,0,0,1,183,,
2021-02-27,10:00,7.2,6.7,97,WNW,6.4,14.5,1024.28,0,0,1,209,,
2021-02-27,10:15,7.1,6.7,97,WNW,4.8,16.1,1024.42,0,0,1,169,,
2021-02-27,10:30,7.4,6.7,97,WNW,3.2,16.1,1024.31,0,0,1,206,,
2021-02-27,10:45,7.6,6.7,97,WNW,3.2,16.1,1024.38,0,0,1,221,,
2021-02-27,11:00,8,7.2,97,NW,6.4,12.9,1024.31,0,0,2,251,,
2021-02-27,11:15,8.2,7.8,97,WNW,6.4,12.9,1024.28,0,0,2,359,,
2021-02-27,11:30,8.4,7.8,97,NW,4.8,17.7,1024.31,0,0,2,271,,
2021-02-27,11:45,8.7,7.8,97,WNW,6.4,14.5,1024.38,0,0,2,255,,
2021-02-27,12:00,9,8.3,96,W,16.1,22.5,1024.35,0,0,2,236,,
2021-02-27,12:15,9.7,8.9,96,W,6.4,19.3,1024.08,0,0,2,397,,
2021-02-27,12:30,9.6,8.3,93,W,9.7,24.1,1024.04,0,0,3,390,,
2021-02-27,12:45,9.9,8.3,92,WNW,12.9,24.1,1023.77,0,0,4,721,,
2021-02-27,13:15,11.3,8.9,85,W,11.3,24.1,1023.5,0,0,4,719,,
2021-02-27,13:45,12.1,8.9,80,NW,16.1,25.7,1023.16,0,0,4,664,,
2021-02-27,14:00,12.1,8.3,79,WNW,12.9,25.7,1022.93,0,0,3,642,,
2021-02-27,14:30,12.5,8.3,76,W,17.7,20.9,1022.66,0,0,3,591,,
2021-02-27,14:45,12.7,8.3,76,WNW,6.4,19.3,1022.45,0,0,3,564,,
2021-02-27,15:00,12.7,8.3,76,WNW,9.7,20.9,1022.45,0,0,2,524,,
2021-02-27,15:15,12.7,8.3,75,WNW,16.1,20.9,1022.38,0,0,2,485,,
2021-02-27,15:30,12.6,8.3,75,WNW,12.9,17.7,1022.22,0,0,2,448,,
2021-02-27,15:45,12.8,8.3,74,W,19.3,17.7,1022.32,0,0,2,406,,
2021-02-27,16:15,12.4,8.3,76,WNW,4.8,19.3,1022.22,0,0,1,308,,
2021-02-27,16:30,12.4,8.3,76,WNW,8,17.7,1022.28,0,0,1,199,,
2021-02-27,17:00,11.9,7.8,77,W,14.5,20.9,1022.25,0,0,0,46,,
2021-02-27,17:15,11.6,7.8,78,WNW,17.7,25.7,1022.25,0,0,0,39,,
2021-02-27,17:30,11.2,7.8,79,SW,1.6,17.7,1022.18,0,0,0,32,,
2021-02-27,17:45,10.9,7.8,82,WNW,3.2,14.5,1022.08,0,0,0,23,,
2021-02-27,18:00,10.6,7.8,83,WNW,4.8,12.9,1022.38,0,0,0,12,,
2021-02-27,18:15,10.1,7.8,85,N,0,6.4,1022.45,0,0,0,0,,
2021-02-27,18:30,9.8,7.2,87,WNW,3.2,8,1022.66,0,0,0,0,,
2021-02-27,18:45,9.4,7.2,87,N,0,11.3,1022.76,0,0,0,0,,
2021-02-27,19:00,9.1,7.2,89,SSW,1.6,11.3,1022.79,0,0,0,0,,
2021-02-27,19:15,8.8,6.7,89,SW,3.2,4.8,1022.96,0,0,0,0,,
2021-02-27,19:30,8.3,6.7,91,N,0,3.2,1023.16,0,0,0,0,,
2021-02-27,19:45,8.1,6.7,90,SW,1.6,3.2,1022.89,0,0,0,0,,
2021-02-27,20:00,7.9,6.7,92,N,0,1.6,1023.03,0,0,0,0,,
2021-02-27,20:30,7.8,6.1,91,N,0,3.2,1023.06,0,0,0,0,,
2021-02-27,20:45,7.8,6.1,92,N,0,1.6,1023.27,0,0,0,0,,
2021-02-27,21:00,7.8,6.7,92,N,0,3.2,1023.43,0,0,0,0,,
2021-02-27,21:15,7.8,6.7,94,W,1.6,3.2,1023.4,0,0,0,0,,
2021-02-27,21:30,7.8,6.7,93,W,1.6,1.6,1023.4,0,0,0,0,,
2021-02-27,21:45,7.4,6.1,93,W,1.6,1.6,1023.5,0,0,0,0,,
2021-02-27,22:00,7.7,6.7,94,N,0,3.2,1023.47,0,0,0,0,,
2021-02-27,22:30,7.8,6.7,94,N,0,3.2,1023.91,0,0,0,0,,
2021-02-27,22:45,7.4,6.1,93,N,0,3.2,1023.74,0,0,0,0,,
2021-02-27,23:00,7.7,6.7,94,W,1.6,3.2,1023.87,0,0,0,0,,
2021-02-27,23:30,7.9,6.7,92,ESE,3.2,9.7,1023.67,0,0,0,0,,
2021-02-27,23:45,7.7,6.7,93,ESE,1.6,6.4,1023.57,0,0,0,0,,
2021-02-27,OVR,,,,,,,,,,,,gustmax,27.4
2021-02-27,OVR,,,,,,,,,,,,rainrate_max,0
2021-02-27,OVR,,,,,,,,,,,,rain_total_mm,0
2021-02-27,OVR,,,,,,,,,,,,tmax,13
2021-02-27,OVR,,,,,,,,,,,,tmin,6.1
2021-02-27,OVR,,,,,,,,,,,,wind_dir_mean_deg,72
2021-02-28,00:00,7.8,6.7,94,E,3.2,6.4,1023.71,0,0,0,0,,
2021-02-28,00:15,8.1,6.7,93,ESE,4.8,9.7,1023.57,0,0,0,0,,
2021-02-28,01:15,7.4,6.1,94,ESE,9.7,11.3,1023.57,0,0,0,0,,
2021-02-28,01:30,7.6,6.7,94,ESE,11.3,12.9,1023.74,0,0,0,0,,
2021-02-28,01:45,7.6,6.7,94,E,6.4,16.1,1023.84,0,0,0,0,,
2021-02-28,02:00,7.2,6.1,93,ESE,6.4,12.9,1023.81,0,0,0,0,,
2021-02-28,02:15,7.1,6.1,94,ESE,3.2,9.7,1023.84,0,0,0,0,,
2021-02-28,02:30,7.1,6.1,94,E,6.4,11.3,1023.81,0,0,0,0,,
2021-02-28,02:45,6.9,5.6,94,ENE,9.7,12.9,1023.77,0,0,0,0,,
2021-02-28,03:00,7.1,6.1,94,E,17.7,19.3,1023.6,0,0,0,0,,
2021-02-28,03:15,7.2,6.1,93,E,11.3,22.5,1023.5,0,0,0,0,,
2021-02-28,03:30,7.2,5.6,91,ESE,12.9,20.9,1023.3,0,0,0,0,,
2021-02-28,03:45,7.4,5.6,90,ESE,11.3,22.5,1023.57,0,0,0,0,,
2021-02-28,04:00,7.6,5.6,88,ESE,11.3,20.9,1023.5,0,0,0,0,,
2021-02-28,04:15,7.6,5.6,88,ESE,11.3,16.1,1023.71,0,0,0,0,,
2021-02-28,04:30,7.6,5.6,87,ESE,6.4,16.1,1023.71,0,0,0,0,,
2021-02-28,04:45,7.7,5.6,87,ESE,6.4,14.5,1023.94,0,0,0,0,,
2021-02-28,05:15,7.6,5.6,88,ESE,8,12.9,1023.91,0,0,0,0,,
2021-02-28,05:30,7.5,5.6,88,ESE,6.4,14.5,1024.15,0,0,0,0,,
2021-02-28,05:45,7.6,5.6,87,SE,6.4,12.9,1024.25,0,0,0,0,,
2021-02-28,06:00,7.8,5.6,87,SE,6.4,16.1,1024.25,0,0,0,0,,
2021-02-28,06:30,7.8,5.6,87,SSE,8,14.5,1024.21,0,0,0,0,,
2021-02-28,06:45,7.8,5.6,87,ESE,11.3,14.5,1024.08,0,0,0,0,,
2021-02-28,07:00,7.8,5.6,87,ESE,6.4,17.7,1024.35,0,0,0,0,,
2021-02-28,07:15,7.6,5.6,87,ESE,4.8,11.3,1024.55,0,0,0,14,,
2021-02-28,07:30,7.6,5.6,88,E,12.9,14.5,1024.48,0,0,0,35,,
2021-02-28,07:45,7.9,5.6,87,E,4.8,11.3,1024.92,0,0,0,77,,
2021-02-28,08:15,8.9,6.1,85,E,6.4,11.3,1025.2,0,0,0,185,,
2021-02-28,08:30,9.3,6.7,83,ESE,4.8,11.3,1025.33,0,0,0,229,,
2021-02-28,08:45,9.7,6.7,84,ESE,6.4,14.5,1025.5,0,0,1,209,,
2021-02-28,09:00,10.1,7.2,83,ESE,3.2,12.9,1025.53,0,0,1,148,,
2021-02-28,09:15,9.8,6.7,82,E,9.7,12.9,1025.67,0,0,1,171,,
2021-02-28,09:30,9.9,6.7,81,ESE,9.7,16.1,1025.77,0,0,1,232,,
2021-02-28,09:45,10.2,6.1,78,E,3.2,12.9,1025.77,0,0,1,216,,
2021-02-28,10:00,10.3,6.7,78,ESE,9.7,12.9,1025.91,0,0,1,197,,
2021-02-28,10:15,10.4,6.7,78,ESE,3.2,14.5,1025.94,0,0,1,246,,
2021-02-28,10:45,10.5,6.7,80,E,3.2,17.7,1026.08,0,0,2,257,,
2021-02-28,11:00,10.7,7.2,79,E,11.3,17.7,1026.25,0,0,2,269,,
2021-02-28,11:15,11.2,7.2,79,ESE,4.8,17.7,1026.21,0,0,2,454,,
2021-02-28,11:30,12.2,7.8,74,ESE,11.3,20.9,1026.08,0,0,4,868,,
2021-02-28,11:45,12.1,7.2,73,ENE,4.8,19.3,1026.21,0,0,4,840,,
2021-02-28,12:00,12.4,7.8,73,SE,12.9,19.3,1026.04,0,0,4,707,,
2021-02-28,12:15,12.3,7.2,72,ESE,6.4,22.5,1026.08,0,0,4,733,,
2021-02-28,12:45,12.2,7.2,73,E,4.8,20.9,1026.01,0,0,4,512,,
2021-02-28,13:00,12.1,7.2,72,ESE,14.5,19.3,1025.74,0,0,2,251,,
2021-02-28,13:15,12.2,7.2,72,ESE,12.9,19.3,1025.5,0,0,3,265,,
2021-02-28,13:30,12.4,6.7,70,SE,14.5,17.7,1025.5,0,0,3,346,,
2021-02-28,13:45,12.3,7.2,71,SE,8,17.7,1025.5,0,0,2,216,,
2021-02-28,14:00,12.6,7.2,72,SE,6.4,20.9,1025.26,0,0,3,279,,
2021-02-28,14:15,13.2,7.2,69,ESE,14.5,25.7,1025.2,0,0,3,624,,
2021-02-28,14:30,13.2,7.2,69,ESE,12.9,22.5,1025.16,0,0,3,715,,
2021-02-28,14:45,12.9,7.2,70,SSE,8,25.7,1025.36,0,0,1,253,,
2021-02-28,15:00,12.6,7.2,71,SE,3.2,20.9,1025.33,0,0,1,137,,
2021-02-28,15:15,12.7,7.2,71,ESE,14.5,24.1,1025.4,0,0,1,234,,
2021-02-28,15:30,12.6,7.2,71,SE,14.5,24.1,1025.26,0,0,1,193,,
2021-02-28,16:00,12.7,7.2,69,ESE,17.7,27.4,1025.13,0,0,1,199,,
2021-02-28,16:15,12.7,7.2,70,SE,8,22.5,1025.09,0,0,1,146,,
2021-02-28,16:30,12.4,6.7,69,SE,11.3,24.1,1025.09,0,0,1,116,,
2021-02-28,16:45,12.4,7.2,70,SE,6.4,22.5,1025.03,0,0,0,93,,
2021-02-28,17:00,12.4,6.7,70,SE,11.3,19.3,1024.89,0,0,0,86,,
2021-02-28,17:30,11.8,6.7,71,ESE,11.3,19.3,1024.79,0,0,0,40,,
2021-02-28,17:45,11.5,6.7,72,SE,6.4,16.1,1024.96,0,0,0,26,,
2021-02-28,18:00,11.3,6.7,73,SE,6.4,17.7,1025.03,0,0,0,12,,
2021-02-28,18:30,10.8,6.7,76,SE,8,14.5,1025.23,0,0,0,0,,
2021-02-28,18:45,10.6,6.7,77,ESE,9.7,14.5,1025.33,0,0,0,0,,
2021-02-28,19:15,10.7,6.7,78,ESE,12.9,16.1,1025.5,0,0,0,0,,
2021-02-28,19:30,10.7,6.7,78,ESE,11.3,17.7,1025.74,0,0,0,0,,
2021-02-28,19:45,10.6,6.7,78,ESE,12.9,20.9,1025.84,0,0,0,0,,
2021-02-28,20:15,10.2,6.7,79,ESE,11.3,19.3,1026.14,0,0,0,0,,
2021-02-28,20:30,10,6.7,80,ESE,6.4,14.5,1026.14,0,0,0,0,,
2021-02-28,20:45,9.9,6.7,81,ESE,11.3,19.3,1026.28,0,0,0,0,,
2021-02-28,21:00,9.9,6.7,82,ESE,6.4,16.1,1026.35,0,0,0,0,,
2021-02-28,21:15,9.7,6.7,82,ESE,1.6,12.9,1026.18,0,0,0,0,,
2021-02-28,21:30,9.4,6.7,83,SE,3.2,9.7,1026.35,0,0,0,0,,
2021-02-28,21:45,9.7,6.7,82,SE,11.3,11.3,1026.35,0,0,0,0,,
2021-02-28,22:00,9.7,6.7,81,E,6.4,12.9,1026.35,0,0,0,0,,
2021-02-28,22:15,9.7,6.7,82,SE,4.8,12.9,1026.38,0,0,0,0,,
2021-02-28,22:30,9.9,6.7,81,ESE,6.4,12.9,1026.41,0,0,0,0,,
2021-02-28,22:45,9.9,6.7,81,ESE,12.9,14.5,1026.41,0,0,0,0,,
2021-02-28,23:00,9.9,6.7,81,ESE,11.3,14.5,1026.25,0,0,0,0,,
2021-02-28,23:45,10,7.2,83,ESE,6.4,14.5,1025.94,0,0,0,0,,
2021-02-28,OVR,,,,,,,,,,,,gustmax,27.4
2021-02-28,OVR,,,,,,,,,,,,rainrate_max,0
2021-02-28,OVR,,,,,,,,,,,,rain_total_mm,0
2021-02-28,OVR,,,,,,,,,,,,tmax,13.4
2021-02-28,OVR,,,,,,,,,,,,tmin,6.8
2021-02-28,OVR,,,,,,,,,,,,wind_dir_mean_deg,246