date,time,temp_c,dewpoint_c,rh_pct,wind_dir_txt,wind_kmh,gust_kmh,wind_dir_deg,press_hpa,rain_rate_mmph,rain_acc_mm,uv,solar_wm2,key,value
2026-08-03,00:00,27.3,14.4,46,SE,6.4,11.3,132,1014.53,0,0,0,0,,
2026-08-03,00:15,27.4,16.1,50,ESE,3.2,12.9,123,1014.46,0,0,0,0,,
2026-08-03,00:30,27.2,19.4,63,SSE,3.2,11.3,149,1014.33,0,0,0,0,,
2026-08-03,00:45,27,20,67,ESE,3.2,11.3,113,1014.43,0,0,0,0,,
2026-08-03,01:00,26.7,20.6,70,N,3.2,11.3,360,1014.46,0,0,0,0,,
2026-08-03,01:15,26.4,20,70,ESE,4.8,9.7,119,1014.46,0,0,0,0,,
2026-08-03,01:30,26.3,19.4,68,ESE,3.2,9.7,114,1014.33,0,0,0,0,,
2026-08-03,01:45,26.6,20.6,70,ESE,3.2,9.7,107,1014.29,0,0,0,0,,
2026-08-03,02:00,26.2,20.6,71,SE,1.6,6.4,136,1014.46,0,0,0,0,,
2026-08-03,02:15,26.3,20.6,72,N,0,3.2,0,1014.56,0,0,0,0,,
2026-08-03,02:30,26.3,20.6,72,N,3.2,9.7,360,1014.39,0,0,0,0,,
2026-08-03,02:45,26.3,21.1,74,SE,3.2,9.7,141,1014.49,0,0,0,0,,
2026-08-03,03:00,26.5,21.7,75,N,3.2,12.9,360,1014.53,0,0,0,0,,
2026-08-03,03:15,26.4,21.7,75,SE,1.6,14.5,132,1014.6,0,0,0,0,,
2026-08-03,03:30,26.3,21.7,75,SE,3.2,8,137,1014.66,0,0,0,0,,
2026-08-03,03:45,26.3,21.7,76,SE,1.6,6.4,146,1014.8,0,0,0,0,,
2026-08-03,04:00,26.2,21.7,76,SE,3.2,4.8,125,1014.77,0,0,0,0,,
2026-08-03,04:15,26,21.1,76,SE,6.4,12.9,137,1014.56,0,0,0,0,,
2026-08-03,04:30,25.9,21.7,77,SE,8,12.9,124,1014.53,0,0,0,0,,
2026-08-03,04:45,25.9,21.7,78,ESE,3.2,12.9,115,1014.63,0,0,0,0,,
2026-08-03,05:00,25.8,21.7,79,SE,1.6,9.7,139,1014.63,0,0,0,0,,
2026-08-03,05:15,25.7,22.2,83,SE,3.2,8,127,1014.63,0,0,0,0,,
2026-08-03,05:30,25.1,22.2,84,SE,4.8,12.9,128,1014.6,0,0,0,0,,
2026-08-03,05:45,24.8,21.7,85,SE,6.4,6.4,126,1014.53,0,0,0,0,,
2026-08-03,06:00,24.3,21.1,84,SE,3.2,9.7,126,1014.6,0,0,0,0,,
2026-08-03,06:15,24.2,21.1,84,N,4.8,9.7,360,1014.77,0,0,0,0,,
2026-08-03,06:30,24.2,21.1,84,SE,6.4,12.9,125,1014.66,0,0,0,0,,
2026-08-03,06:45,24.3,21.1,84,SE,6.4,11.3,134,1014.87,0,0,0,16,,
2026-08-03,07:00,24.4,21.1,84,SE,6.4,11.3,128,1015.04,0,0,0,35,,
2026-08-03,07:15,24.7,21.7,83,ESE,3.2,11.3,122,1014.87,0,0,0,62,,
2026-08-03,07:30,25.2,21.7,81,ESE,3.2,6.4,117,1015.07,0,0,0,88,,
2026-08-03,07:45,25.9,21.7,79,ESE,3.2,6.4,115,1014.97,0,0,0,135,,
2026-08-03,08:00,26.7,22.2,76,ESE,4.8,11.3,107,1015.07,0,0,0,174,,
2026-08-03,08:15,27.8,21.7,70,ESE,3.2,9.7,107,1015.27,0,0,0.7,200,,
2026-08-03,08:30,28.5,21.7,67,SSE,3.2,12.9,157,1015.27,0,0,0.8,262,,
2026-08-03,08:45,28.4,21.7,66,SSE,6.4,11.3,167,1015.58,0,0,0.8,156,,
2026-08-03,09:00,28.6,21.7,67,SE,8,9.7,137,1015.51,0,0,1.2,287,,
2026-08-03,09:15,29.2,21.7,65,SE,3.2,12.9,127,1015.37,0,0,1.8,431,,
2026-08-03,09:30,29.6,21.7,63,N,3.2,16.1,360,1015.44,0,0,2.1,512,,
2026-08-03,09:45,30.4,21.7,60,E,6.4,11.3,89,1015.34,0,0,2.5,547,,
2026-08-03,10:00,30.9,21.1,57,N,0,11.3,0,1015.37,0,0,1.7,139,,
2026-08-03,10:15,31.7,21.1,54,SE,11.3,14.5,132,1015.44,0,0,3.2,622,,
2026-08-03,10:30,32.3,20.6,50,SE,12.9,16.1,132,1015.44,0,0,3.6,656,,
2026-08-03,10:45,32.3,20,49,SE,4.8,19.3,132,1015.54,0,0,4,694,,
2026-08-03,11:00,33.2,21.1,49,ESE,3.2,19.3,116,1015.61,0,0,4.4,722,,
2026-08-03,11:15,33.1,20,46,SE,8,22.5,142,1015.51,0,0,4.8,754,,
2026-08-03,11:30,34.3,20.6,45,ESE,8,24.1,120,1015.48,0,0,5.2,782,,
2026-08-03,11:45,34.1,20.6,45,SSE,25.7,24.1,159,1015.31,0,0,5.5,807,,
2026-08-03,12:00,34,21.1,47,SSE,16.1,32.2,153,1015.44,0,0,5.8,828,,
2026-08-03,12:15,34.3,21.7,48,SSE,17.7,25.7,149,1015.54,0,0,6.2,868,,
2026-08-03,12:30,34.8,20.6,44,SE,12.9,30.6,125,1015.58,0,0,6.5,886,,
2026-08-03,12:45,35.1,19.4,40,SSE,19.3,30.6,148,1015.27,0,0,3.6,234,,
2026-08-03,13:00,35.2,20,41,SSE,20.9,27.4,151,1015.48,0,0,6.7,893,,
2026-08-03,13:15,35.1,18.3,37,SSE,8,37,168,1015.48,0,0,6.8,900,,
2026-08-03,13:30,35.2,18.9,39,SSE,12.9,35.4,163,1015.41,0,0,6.9,907,,
2026-08-03,13:45,34.9,17.2,36,SSE,30.6,35.4,157,1015.58,0,0,3.3,213,,
2026-08-03,14:00,35.5,16.7,33,SSE,14.5,33.8,165,1015.27,0,0,6.8,916,,
2026-08-03,14:15,35.1,16.1,33,SSE,22.5,35.4,161,1015.31,0,0,6.6,888,,
2026-08-03,14:30,35.4,16.7,33,SE,17.7,32.2,146,1015.24,0,0,6.3,856,,
2026-08-03,14:45,34.6,19.4,41,SSE,19.3,37,153,1015.31,0,0,6,837,,
2026-08-03,15:00,34.7,20,43,SSE,24.1,30.6,157,1015.1,0,0,5.7,817,,
2026-08-03,15:15,34.9,21.7,46,NNE,12.9,38.6,24,1015.24,0,0,5.4,796,,
2026-08-03,15:30,34.6,21.7,48,SE,24.1,35.4,133,1015.1,0,0,5,761,,
2026-08-03,15:45,34.2,21.1,47,SE,24.1,35.4,146,1014.8,0,0,4.6,733,,
2026-08-03,16:00,34.3,20,44,SE,4.8,32.2,142,1014.77,0,0,4.2,703,,
2026-08-03,16:15,34.2,19.4,42,SSE,9.7,30.6,149,1014.73,0,0,3.8,666,,
2026-08-03,16:30,34.4,18.9,40,SSE,12.9,32.2,150,1014.46,0,0,3.4,631,,
2026-08-03,16:45,34.8,17.2,36,SSE,27.4,37,154,1014.43,0,0,3.1,589,,
2026-08-03,17:00,34.4,16.7,35,SSE,17.7,33.8,148,1014.49,0,0,2.5,547,,
2026-08-03,17:15,34.4,15.6,32,SSE,4.8,41.8,148,1014.6,0,0,2.2,503,,
2026-08-03,17:30,34.3,16.7,35,SSE,12.9,35.4,159,1015.04,0,0,1.9,457,,
2026-08-03,17:45,34.4,17.8,37,SE,24.1,29,141,1014.73,0,0,1.6,411,,
2026-08-03,18:00,34.2,17.8,38,SE,17.7,27.4,144,1015.04,0,0,1.3,369,,
2026-08-03,18:15,33.9,17.2,37,SSE,20.9,32.2,155,1014.73,0,0,1.1,334,,
2026-08-03,18:30,33.9,17.8,39,SSE,11.3,30.6,153,1015.24,0,0,0.9,297,,
2026-08-03,18:45,33.7,17.2,38,ESE,16.1,29,115,1015.37,0,0,0.7,257,,
2026-08-03,19:00,33.2,17.2,39,SE,4.8,24.1,140,1015.24,0,0,0,200,,
2026-08-03,19:15,32.6,17.2,40,SSE,12.9,24.1,159,1015.24,0,0,0,146,,
2026-08-03,19:30,32.2,16.7,40,SSW,3.2,25.7,193,1015.24,0,0,0,95,,
2026-08-03,19:45,31.7,17.2,43,SE,14.5,22.5,124,1015.51,0,0,0,58,,
2026-08-03,20:00,31.2,18.9,48,SE,4.8,19.3,130,1015.54,0,0,0,32,,
2026-08-03,20:15,31,17.2,44,SE,6.4,22.5,132,1015.58,0,0,0,18,,
2026-08-03,20:30,30.4,17.8,47,SE,8,20.9,140,1015.41,0,0,0,7,,
2026-08-03,20:45,29.9,18.9,51,SE,4.8,20.9,144,1015.31,0,0,0,0,,
2026-08-03,21:00,29.5,19.4,55,SE,3.2,20.9,136,1015.58,0,0,0,0,,
